<?xml version="1.0" encoding="UTF-8"?>
<gpx schemaLocation="http://www.topografix.com/GPX/1/1 http://www.topografix.com/GPX/1/1/gpx.xsd" version="1.1" creator="gpx.py -- https://github.com/tkrajina/gpxpy" xmlns="http://www.topografix.com/GPX/1/1" xmlns:xsi="http://www.w3.org/2001/XMLSchema-instance" xsi:schemaLocation="http://www.topografix.com/GPX/1/1 http://www.topografix.com/GPX/1/1/gpx.xsd http://www.garmin.com/xmlschemas/GpxExtensions/v3 http://www.garmin.com/xmlschemas/GpxExtensionsv3.xsd http://www.garmin.com/xmlschemas/TrackPointExtension/v1 http://www.garmin.com/xmlschemas/TrackPointExtensionv1.xsd http://www.garmin.com/xmlschemas/PowerExtension/v1 http://www.garmin.com/xmlschemas/PowerExtensionv1.xsd http://www.topografix.com/GPX/gpx_style/0/2 http://www.topografix.com/GPX/gpx_style/0/2/gpx_style.xsd" xmlns:gpxtpx="http://www.garmin.com/xmlschemas/TrackPointExtension/v1" xmlns:gpxx="http://www.garmin.com/xmlschemas/GpxExtensions/v3" xmlns:gpxpx="http://www.garmin.com/xmlschemas/PowerExtension/v1" xmlns:gpx_style="http://www.topografix.com/GPX/gpx_style/0/2">
  <metadata>
    <name>matched_marathon</name>
    <author>
      <name>gpx.studio</name>
      <link href="https://gpx.studio"/>
    </author>
  </metadata>
  <trk>
    <name>matched_marathon</name>
    <trkseg>
      <trkpt lat="21.030151" lon="105.853874"/>
      <trkpt lat="21.030288" lon="105.85388"/>
      <trkpt lat="21.030371" lon="105.853886"/>
      <trkpt lat="21.030587" lon="105.853903"/>
      <trkpt lat="21.030766" lon="105.853916"/>
      <trkpt lat="21.030803" lon="105.853917"/>
      <trkpt lat="21.030964" lon="105.853923"/>
      <trkpt lat="21.031124" lon="105.853929"/>
      <trkpt lat="21.031276" lon="105.853934"/>
      <trkpt lat="21.031399" lon="105.853909"/>
      <trkpt lat="21.031421" lon="105.853907"/>
      <trkpt lat="21.031623" lon="105.853885"/>
      <trkpt lat="21.031824" lon="105.853863"/>
      <trkpt lat="21.032097" lon="105.853834"/>
      <trkpt lat="21.032107" lon="105.853833"/>
      <trkpt lat="21.032193" lon="105.853828"/>
      <trkpt lat="21.032202" lon="105.853553"/>
      <trkpt lat="21.03221" lon="105.853321"/>
      <trkpt lat="21.032215" lon="105.853163"/>
      <trkpt lat="21.032219" lon="105.853089"/>
      <trkpt lat="21.032227" lon="105.852936"/>
      <trkpt lat="21.032232" lon="105.852808"/>
      <trkpt lat="21.032244" lon="105.852525"/>
      <trkpt lat="21.032256" lon="105.852243"/>
      <trkpt lat="21.032266" lon="105.852012"/>
      <trkpt lat="21.03227" lon="105.851913"/>
      <trkpt lat="21.032274" lon="105.851779"/>
      <trkpt lat="21.032277" lon="105.851696"/>
      <trkpt lat="21.032289" lon="105.851516"/>
      <trkpt lat="21.032298" lon="105.851372"/>
      <trkpt lat="21.0323" lon="105.851337"/>
      <trkpt lat="21.032429" lon="105.851327"/>
      <trkpt lat="21.032441" lon="105.851326"/>
      <trkpt lat="21.032689" lon="105.851258"/>
      <trkpt lat="21.032944" lon="105.851187"/>
      <trkpt lat="21.032984" lon="105.851176"/>
      <trkpt lat="21.033173" lon="105.85109"/>
      <trkpt lat="21.033395" lon="105.850988"/>
      <trkpt lat="21.03359" lon="105.850899"/>
      <trkpt lat="21.033785" lon="105.85081"/>
      <trkpt lat="21.033979" lon="105.850722"/>
      <trkpt lat="21.034079" lon="105.850676"/>
      <trkpt lat="21.034179" lon="105.850619"/>
      <trkpt lat="21.034409" lon="105.85049"/>
      <trkpt lat="21.034612" lon="105.850375"/>
      <trkpt lat="21.034636" lon="105.850363"/>
      <trkpt lat="21.034875" lon="105.850243"/>
      <trkpt lat="21.035113" lon="105.850125"/>
      <trkpt lat="21.035218" lon="105.850072"/>
      <trkpt lat="21.035298" lon="105.850037"/>
      <trkpt lat="21.035396" lon="105.849995"/>
      <trkpt lat="21.035681" lon="105.849892"/>
      <trkpt lat="21.035967" lon="105.849789"/>
      <trkpt lat="21.036252" lon="105.849686"/>
      <trkpt lat="21.036375" lon="105.849642"/>
      <trkpt lat="21.036538" lon="105.849582"/>
      <trkpt lat="21.036822" lon="105.849477"/>
      <trkpt lat="21.036884" lon="105.849454"/>
      <trkpt lat="21.036872" lon="105.849354"/>
      <trkpt lat="21.03684" lon="105.849151"/>
      <trkpt lat="21.036801" lon="105.848905"/>
      <trkpt lat="21.036781" lon="105.848777"/>
      <trkpt lat="21.03676" lon="105.84866"/>
      <trkpt lat="21.036744" lon="105.848576"/>
      <trkpt lat="21.036731" lon="105.848487"/>
      <trkpt lat="21.036718" lon="105.848378"/>
      <trkpt lat="21.036684" lon="105.848094"/>
      <trkpt lat="21.036649" lon="105.847809"/>
      <trkpt lat="21.036625" lon="105.847643"/>
      <trkpt lat="21.036611" lon="105.847526"/>
      <trkpt lat="21.036584" lon="105.847301"/>
      <trkpt lat="21.036558" lon="105.84709"/>
      <trkpt lat="21.03656" lon="105.847073"/>
      <trkpt lat="21.036589" lon="105.846826"/>
      <trkpt lat="21.036619" lon="105.846572"/>
      <trkpt lat="21.036638" lon="105.846411"/>
      <trkpt lat="21.036659" lon="105.846242"/>
      <trkpt lat="21.036672" lon="105.84613"/>
      <trkpt lat="21.036543" lon="105.846103"/>
      <trkpt lat="21.03623" lon="105.846039"/>
      <trkpt lat="21.035927" lon="105.845977"/>
      <trkpt lat="21.035671" lon="105.845924"/>
      <trkpt lat="21.035619" lon="105.845913"/>
      <trkpt lat="21.03532" lon="105.845852"/>
      <trkpt lat="21.035263" lon="105.84584"/>
      <trkpt lat="21.035213" lon="105.845829"/>
      <trkpt lat="21.035015" lon="105.845789"/>
      <trkpt lat="21.034758" lon="105.845736"/>
      <trkpt lat="21.034716" lon="105.845727"/>
      <trkpt lat="21.034721" lon="105.845705"/>
      <trkpt lat="21.03473" lon="105.84567"/>
      <trkpt lat="21.034758" lon="105.845516"/>
      <trkpt lat="21.03479" lon="105.845354"/>
      <trkpt lat="21.0348" lon="105.845306"/>
      <trkpt lat="21.034848" lon="105.845066"/>
      <trkpt lat="21.034856" lon="105.844998"/>
      <trkpt lat="21.034864" lon="105.844938"/>
      <trkpt lat="21.034707" lon="105.844905"/>
      <trkpt lat="21.034626" lon="105.844888"/>
      <trkpt lat="21.0344" lon="105.844841"/>
      <trkpt lat="21.034185" lon="105.844796"/>
      <trkpt lat="21.034092" lon="105.844777"/>
      <trkpt lat="21.034017" lon="105.84476"/>
      <trkpt lat="21.033801" lon="105.844714"/>
      <trkpt lat="21.033663" lon="105.844685"/>
      <trkpt lat="21.0335" lon="105.84465"/>
      <trkpt lat="21.033367" lon="105.844622"/>
      <trkpt lat="21.033335" lon="105.844615"/>
      <trkpt lat="21.033202" lon="105.844587"/>
      <trkpt lat="21.032903" lon="105.844523"/>
      <trkpt lat="21.032816" lon="105.844505"/>
      <trkpt lat="21.032634" lon="105.844466"/>
      <trkpt lat="21.032576" lon="105.844454"/>
      <trkpt lat="21.032374" lon="105.844411"/>
      <trkpt lat="21.032313" lon="105.844398"/>
      <trkpt lat="21.032209" lon="105.844376"/>
      <trkpt lat="21.032112" lon="105.844356"/>
      <trkpt lat="21.032047" lon="105.844342"/>
      <trkpt lat="21.031881" lon="105.844307"/>
      <trkpt lat="21.03185" lon="105.8443"/>
      <trkpt lat="21.031829" lon="105.844295"/>
      <trkpt lat="21.031681" lon="105.844264"/>
      <trkpt lat="21.031589" lon="105.844245"/>
      <trkpt lat="21.031437" lon="105.844212"/>
      <trkpt lat="21.031328" lon="105.844189"/>
      <trkpt lat="21.031253" lon="105.844173"/>
      <trkpt lat="21.031224" lon="105.844167"/>
      <trkpt lat="21.031031" lon="105.844126"/>
      <trkpt lat="21.030964" lon="105.844112"/>
      <trkpt lat="21.030739" lon="105.844065"/>
      <trkpt lat="21.03066" lon="105.844048"/>
      <trkpt lat="21.030467" lon="105.844007"/>
      <trkpt lat="21.030447" lon="105.844003"/>
      <trkpt lat="21.030234" lon="105.843957"/>
      <trkpt lat="21.030149" lon="105.843939"/>
      <trkpt lat="21.03022" lon="105.843569"/>
      <trkpt lat="21.030273" lon="105.843292"/>
      <trkpt lat="21.030326" lon="105.843015"/>
      <trkpt lat="21.03034" lon="105.842944"/>
      <trkpt lat="21.030365" lon="105.842821"/>
      <trkpt lat="21.030391" lon="105.842688"/>
      <trkpt lat="21.030455" lon="105.842359"/>
      <trkpt lat="21.030508" lon="105.842083"/>
      <trkpt lat="21.030518" lon="105.84203"/>
      <trkpt lat="21.030582" lon="105.841702"/>
      <trkpt lat="21.030623" lon="105.84149"/>
      <trkpt lat="21.030634" lon="105.841431"/>
      <trkpt lat="21.030647" lon="105.841363"/>
      <trkpt lat="21.030661" lon="105.841269"/>
      <trkpt lat="21.030692" lon="105.841124"/>
      <trkpt lat="21.030708" lon="105.841049"/>
      <trkpt lat="21.030833" lon="105.840927"/>
      <trkpt lat="21.030905" lon="105.840905"/>
      <trkpt lat="21.030969" lon="105.840845"/>
      <trkpt lat="21.03111" lon="105.840709"/>
      <trkpt lat="21.031161" lon="105.840611"/>
      <trkpt lat="21.031229" lon="105.840547"/>
      <trkpt lat="21.031327" lon="105.840454"/>
      <trkpt lat="21.031382" lon="105.840401"/>
      <trkpt lat="21.031448" lon="105.840337"/>
      <trkpt lat="21.031533" lon="105.840255"/>
      <trkpt lat="21.031756" lon="105.840039"/>
      <trkpt lat="21.031898" lon="105.839903"/>
      <trkpt lat="21.031949" lon="105.839853"/>
      <trkpt lat="21.03197" lon="105.839832"/>
      <trkpt lat="21.031995" lon="105.839808"/>
      <trkpt lat="21.032077" lon="105.839729"/>
      <trkpt lat="21.032255" lon="105.839557"/>
      <trkpt lat="21.032432" lon="105.839386"/>
      <trkpt lat="21.032611" lon="105.839213"/>
      <trkpt lat="21.032666" lon="105.83916"/>
      <trkpt lat="21.032779" lon="105.839051"/>
      <trkpt lat="21.032793" lon="105.839038"/>
      <trkpt lat="21.032894" lon="105.838939"/>
      <trkpt lat="21.033029" lon="105.838965"/>
      <trkpt lat="21.033203" lon="105.838998"/>
      <trkpt lat="21.033241" lon="105.839006"/>
      <trkpt lat="21.033336" lon="105.839019"/>
      <trkpt lat="21.033376" lon="105.839025"/>
      <trkpt lat="21.033632" lon="105.839061"/>
      <trkpt lat="21.033668" lon="105.839066"/>
      <trkpt lat="21.033871" lon="105.839094"/>
      <trkpt lat="21.033929" lon="105.839102"/>
      <trkpt lat="21.034226" lon="105.839144"/>
      <trkpt lat="21.034522" lon="105.839185"/>
      <trkpt lat="21.034819" lon="105.839227"/>
      <trkpt lat="21.035115" lon="105.839269"/>
      <trkpt lat="21.035412" lon="105.839311"/>
      <trkpt lat="21.035635" lon="105.839342"/>
      <trkpt lat="21.035708" lon="105.839352"/>
      <trkpt lat="21.036039" lon="105.839399"/>
      <trkpt lat="21.036088" lon="105.839406"/>
      <trkpt lat="21.036207" lon="105.839423"/>
      <trkpt lat="21.036306" lon="105.839435"/>
      <trkpt lat="21.036348" lon="105.83944"/>
      <trkpt lat="21.036612" lon="105.839472"/>
      <trkpt lat="21.036657" lon="105.839478"/>
      <trkpt lat="21.036967" lon="105.83952"/>
      <trkpt lat="21.037276" lon="105.839563"/>
      <trkpt lat="21.037584" lon="105.839605"/>
      <trkpt lat="21.037893" lon="105.839647"/>
      <trkpt lat="21.038203" lon="105.839689"/>
      <trkpt lat="21.038318" lon="105.839705"/>
      <trkpt lat="21.038448" lon="105.839723"/>
      <trkpt lat="21.038511" lon="105.839731"/>
      <trkpt lat="21.03882" lon="105.839772"/>
      <trkpt lat="21.038875" lon="105.839779"/>
      <trkpt lat="21.038948" lon="105.839789"/>
      <trkpt lat="21.03903" lon="105.839798"/>
      <trkpt lat="21.039081" lon="105.839806"/>
      <trkpt lat="21.03913" lon="105.839813"/>
      <trkpt lat="21.039408" lon="105.839851"/>
      <trkpt lat="21.039438" lon="105.839855"/>
      <trkpt lat="21.039747" lon="105.8399"/>
      <trkpt lat="21.039826" lon="105.839912"/>
      <trkpt lat="21.039987" lon="105.839933"/>
      <trkpt lat="21.040057" lon="105.839944"/>
      <trkpt lat="21.040137" lon="105.839956"/>
      <trkpt lat="21.040175" lon="105.83996"/>
      <trkpt lat="21.040364" lon="105.839988"/>
      <trkpt lat="21.040673" lon="105.840034"/>
      <trkpt lat="21.040877" lon="105.840064"/>
      <trkpt lat="21.040897" lon="105.840068"/>
      <trkpt lat="21.040964" lon="105.840074"/>
      <trkpt lat="21.040981" lon="105.839983"/>
      <trkpt lat="21.040909" lon="105.839972"/>
      <trkpt lat="21.040688" lon="105.839938"/>
      <trkpt lat="21.040353" lon="105.839887"/>
      <trkpt lat="21.040332" lon="105.839884"/>
      <trkpt lat="21.040187" lon="105.839866"/>
      <trkpt lat="21.04015" lon="105.83986"/>
      <trkpt lat="21.040118" lon="105.839855"/>
      <trkpt lat="21.040048" lon="105.839847"/>
      <trkpt lat="21.039999" lon="105.839841"/>
      <trkpt lat="21.039746" lon="105.839807"/>
      <trkpt lat="21.039462" lon="105.839768"/>
      <trkpt lat="21.039443" lon="105.839765"/>
      <trkpt lat="21.039141" lon="105.839722"/>
      <trkpt lat="21.038957" lon="105.839695"/>
      <trkpt lat="21.038882" lon="105.839686"/>
      <trkpt lat="21.038838" lon="105.83968"/>
      <trkpt lat="21.038534" lon="105.83964"/>
      <trkpt lat="21.038462" lon="105.83963"/>
      <trkpt lat="21.038328" lon="105.839613"/>
      <trkpt lat="21.038231" lon="105.8396"/>
      <trkpt lat="21.037928" lon="105.839557"/>
      <trkpt lat="21.037625" lon="105.839515"/>
      <trkpt lat="21.037323" lon="105.839473"/>
      <trkpt lat="21.037049" lon="105.839435"/>
      <trkpt lat="21.03702" lon="105.839431"/>
      <trkpt lat="21.036717" lon="105.839391"/>
      <trkpt lat="21.036622" lon="105.839379"/>
      <trkpt lat="21.036543" lon="105.839368"/>
      <trkpt lat="21.036414" lon="105.83935"/>
      <trkpt lat="21.036318" lon="105.839336"/>
      <trkpt lat="21.03623" lon="105.839325"/>
      <trkpt lat="21.036111" lon="105.839308"/>
      <trkpt lat="21.0361" lon="105.839307"/>
      <trkpt lat="21.035808" lon="105.839265"/>
      <trkpt lat="21.03572" lon="105.839253"/>
      <trkpt lat="21.035649" lon="105.839243"/>
      <trkpt lat="21.035505" lon="105.839223"/>
      <trkpt lat="21.035426" lon="105.839212"/>
      <trkpt lat="21.035203" lon="105.83918"/>
      <trkpt lat="21.035104" lon="105.839166"/>
      <trkpt lat="21.0349" lon="105.839137"/>
      <trkpt lat="21.03461" lon="105.839096"/>
      <trkpt lat="21.034597" lon="105.839094"/>
      <trkpt lat="21.034294" lon="105.839051"/>
      <trkpt lat="21.033991" lon="105.839009"/>
      <trkpt lat="21.033965" lon="105.839005"/>
      <trkpt lat="21.033688" lon="105.838966"/>
      <trkpt lat="21.033628" lon="105.838957"/>
      <trkpt lat="21.033385" lon="105.838923"/>
      <trkpt lat="21.033259" lon="105.838905"/>
      <trkpt lat="21.033278" lon="105.838793"/>
      <trkpt lat="21.033316" lon="105.838574"/>
      <trkpt lat="21.033324" lon="105.838525"/>
      <trkpt lat="21.033522" lon="105.838333"/>
      <trkpt lat="21.033559" lon="105.838297"/>
      <trkpt lat="21.033665" lon="105.838195"/>
      <trkpt lat="21.033737" lon="105.838126"/>
      <trkpt lat="21.033787" lon="105.838077"/>
      <trkpt lat="21.034016" lon="105.837856"/>
      <trkpt lat="21.034185" lon="105.837693"/>
      <trkpt lat="21.034217" lon="105.837662"/>
      <trkpt lat="21.034366" lon="105.837517"/>
      <trkpt lat="21.034417" lon="105.837468"/>
      <trkpt lat="21.034617" lon="105.837275"/>
      <trkpt lat="21.034764" lon="105.837134"/>
      <trkpt lat="21.034817" lon="105.837083"/>
      <trkpt lat="21.034927" lon="105.836976"/>
      <trkpt lat="21.03495" lon="105.836996"/>
      <trkpt lat="21.034977" lon="105.837011"/>
      <trkpt lat="21.035025" lon="105.837022"/>
      <trkpt lat="21.035062" lon="105.837019"/>
      <trkpt lat="21.035097" lon="105.837007"/>
      <trkpt lat="21.035129" lon="105.836987"/>
      <trkpt lat="21.035162" lon="105.836949"/>
      <trkpt lat="21.035182" lon="105.836902"/>
      <trkpt lat="21.035184" lon="105.836881"/>
      <trkpt lat="21.035188" lon="105.836851"/>
      <trkpt lat="21.035179" lon="105.8368"/>
      <trkpt lat="21.035156" lon="105.836755"/>
      <trkpt lat="21.035203" lon="105.836709"/>
      <trkpt lat="21.03539" lon="105.836529"/>
      <trkpt lat="21.035407" lon="105.836512"/>
      <trkpt lat="21.035538" lon="105.836386"/>
      <trkpt lat="21.035574" lon="105.836364"/>
      <trkpt lat="21.03561" lon="105.836355"/>
      <trkpt lat="21.03565" lon="105.836352"/>
      <trkpt lat="21.035886" lon="105.836401"/>
      <trkpt lat="21.036151" lon="105.836455"/>
      <trkpt lat="21.03616" lon="105.836457"/>
      <trkpt lat="21.036319" lon="105.836491"/>
      <trkpt lat="21.036433" lon="105.836514"/>
      <trkpt lat="21.036578" lon="105.836544"/>
      <trkpt lat="21.036715" lon="105.836574"/>
      <trkpt lat="21.036986" lon="105.836632"/>
      <trkpt lat="21.037256" lon="105.836689"/>
      <trkpt lat="21.037526" lon="105.836747"/>
      <trkpt lat="21.037683" lon="105.83678"/>
      <trkpt lat="21.037794" lon="105.836802"/>
      <trkpt lat="21.038065" lon="105.836855"/>
      <trkpt lat="21.038335" lon="105.836909"/>
      <trkpt lat="21.038474" lon="105.836936"/>
      <trkpt lat="21.038606" lon="105.836962"/>
      <trkpt lat="21.038732" lon="105.836986"/>
      <trkpt lat="21.038746" lon="105.836989"/>
      <trkpt lat="21.03887" lon="105.837015"/>
      <trkpt lat="21.038873" lon="105.837"/>
      <trkpt lat="21.038894" lon="105.836876"/>
      <trkpt lat="21.038948" lon="105.836562"/>
      <trkpt lat="21.03895" lon="105.836548"/>
      <trkpt lat="21.039001" lon="105.836247"/>
      <trkpt lat="21.039034" lon="105.836054"/>
      <trkpt lat="21.039055" lon="105.835931"/>
      <trkpt lat="21.039099" lon="105.835672"/>
      <trkpt lat="21.039184" lon="105.83569"/>
      <trkpt lat="21.039558" lon="105.835768"/>
      <trkpt lat="21.039848" lon="105.835829"/>
      <trkpt lat="21.040003" lon="105.835862"/>
      <trkpt lat="21.040139" lon="105.835891"/>
      <trkpt lat="21.040429" lon="105.835952"/>
      <trkpt lat="21.04072" lon="105.836013"/>
      <trkpt lat="21.041011" lon="105.836074"/>
      <trkpt lat="21.041301" lon="105.836135"/>
      <trkpt lat="21.041494" lon="105.836176"/>
      <trkpt lat="21.041503" lon="105.836178"/>
      <trkpt lat="21.041554" lon="105.836188"/>
      <trkpt lat="21.041656" lon="105.836243"/>
      <trkpt lat="21.041752" lon="105.836258"/>
      <trkpt lat="21.041774" lon="105.836262"/>
      <trkpt lat="21.041928" lon="105.836288"/>
      <trkpt lat="21.04196" lon="105.836293"/>
      <trkpt lat="21.042087" lon="105.836311"/>
      <trkpt lat="21.042095" lon="105.836312"/>
      <trkpt lat="21.042206" lon="105.836308"/>
      <trkpt lat="21.042236" lon="105.836303"/>
      <trkpt lat="21.0423" lon="105.836292"/>
      <trkpt lat="21.042382" lon="105.836278"/>
      <trkpt lat="21.042418" lon="105.836263"/>
      <trkpt lat="21.04246" lon="105.836245"/>
      <trkpt lat="21.042521" lon="105.836209"/>
      <trkpt lat="21.042533" lon="105.836198"/>
      <trkpt lat="21.042575" lon="105.836162"/>
      <trkpt lat="21.042628" lon="105.836089"/>
      <trkpt lat="21.042662" lon="105.836025"/>
      <trkpt lat="21.042712" lon="105.835951"/>
      <trkpt lat="21.042747" lon="105.835934"/>
      <trkpt lat="21.04282" lon="105.835899"/>
      <trkpt lat="21.042848" lon="105.835894"/>
      <trkpt lat="21.042999" lon="105.835912"/>
      <trkpt lat="21.043035" lon="105.835916"/>
      <trkpt lat="21.043039" lon="105.835915"/>
      <trkpt lat="21.043154" lon="105.835957"/>
      <trkpt lat="21.043358" lon="105.83605"/>
      <trkpt lat="21.043416" lon="105.836076"/>
      <trkpt lat="21.043588" lon="105.836142"/>
      <trkpt lat="21.043722" lon="105.836193"/>
      <trkpt lat="21.043821" lon="105.836227"/>
      <trkpt lat="21.043974" lon="105.836278"/>
      <trkpt lat="21.043996" lon="105.836286"/>
      <trkpt lat="21.044117" lon="105.836321"/>
      <trkpt lat="21.044171" lon="105.836336"/>
      <trkpt lat="21.044194" lon="105.836342"/>
      <trkpt lat="21.044303" lon="105.836363"/>
      <trkpt lat="21.044383" lon="105.836373"/>
      <trkpt lat="21.0446" lon="105.836401"/>
      <trkpt lat="21.044652" lon="105.836408"/>
      <trkpt lat="21.044876" lon="105.836435"/>
      <trkpt lat="21.04515" lon="105.836469"/>
      <trkpt lat="21.045423" lon="105.836503"/>
      <trkpt lat="21.045612" lon="105.836526"/>
      <trkpt lat="21.045652" lon="105.836531"/>
      <trkpt lat="21.045879" lon="105.83656"/>
      <trkpt lat="21.045891" lon="105.836562"/>
      <trkpt lat="21.046107" lon="105.836597"/>
      <trkpt lat="21.04617" lon="105.836607"/>
      <trkpt lat="21.046331" lon="105.836636"/>
      <trkpt lat="21.046589" lon="105.836682"/>
      <trkpt lat="21.046745" lon="105.83671"/>
      <trkpt lat="21.046766" lon="105.836715"/>
      <trkpt lat="21.046795" lon="105.836722"/>
      <trkpt lat="21.046837" lon="105.836738"/>
      <trkpt lat="21.046837" lon="105.836738">
        <ele>8</ele>
        <extensions>
          <gpxtpx:TrackPointExtension>
            <gpxtpx:Extensions>
              <highway>secondary</highway>
              <surface>asphalt</surface>
              <oneway>yes</oneway>
              <estimated_traffic_class>4</estimated_traffic_class>
            </gpxtpx:Extensions>
          </gpxtpx:TrackPointExtension>
        </extensions>
      </trkpt>
      <trkpt lat="21.04692" lon="105.836788">
        <ele>8</ele>
        <extensions>
          <gpxtpx:TrackPointExtension>
            <gpxtpx:Extensions>
              <highway>secondary</highway>
              <surface>asphalt</surface>
              <oneway>yes</oneway>
              <estimated_traffic_class>4</estimated_traffic_class>
            </gpxtpx:Extensions>
          </gpxtpx:TrackPointExtension>
        </extensions>
      </trkpt>
      <trkpt lat="21.046978" lon="105.836838">
        <ele>8</ele>
        <extensions>
          <gpxtpx:TrackPointExtension>
            <gpxtpx:Extensions>
              <highway>secondary</highway>
              <surface>asphalt</surface>
              <oneway>yes</oneway>
              <estimated_traffic_class>4</estimated_traffic_class>
            </gpxtpx:Extensions>
          </gpxtpx:TrackPointExtension>
        </extensions>
      </trkpt>
      <trkpt lat="21.047214" lon="105.83708">
        <ele>8</ele>
        <extensions>
          <gpxtpx:TrackPointExtension>
            <gpxtpx:Extensions>
              <highway>secondary</highway>
              <surface>asphalt</surface>
              <oneway>yes</oneway>
              <estimated_traffic_class>4</estimated_traffic_class>
            </gpxtpx:Extensions>
          </gpxtpx:TrackPointExtension>
        </extensions>
      </trkpt>
      <trkpt lat="21.047978" lon="105.83791">
        <ele>8</ele>
        <extensions>
          <gpxtpx:TrackPointExtension>
            <gpxtpx:Extensions>
              <highway>secondary</highway>
              <surface>asphalt</surface>
              <oneway>yes</oneway>
              <estimated_traffic_class>4</estimated_traffic_class>
            </gpxtpx:Extensions>
          </gpxtpx:TrackPointExtension>
        </extensions>
      </trkpt>
      <trkpt lat="21.048096" lon="105.838014">
        <ele>8</ele>
        <extensions>
          <gpxtpx:TrackPointExtension>
            <gpxtpx:Extensions>
              <reversedirection>yes</reversedirection>
              <highway>footway</highway>
              <surface>asphalt</surface>
            </gpxtpx:Extensions>
          </gpxtpx:TrackPointExtension>
        </extensions>
      </trkpt>
      <trkpt lat="21.048142" lon="105.837952">
        <ele>8</ele>
        <extensions>
          <gpxtpx:TrackPointExtension>
            <gpxtpx:Extensions>
              <highway>secondary</highway>
              <surface>asphalt</surface>
              <oneway>yes</oneway>
              <estimated_traffic_class>4</estimated_traffic_class>
            </gpxtpx:Extensions>
          </gpxtpx:TrackPointExtension>
        </extensions>
      </trkpt>
      <trkpt lat="21.048104" lon="105.837916">
        <ele>8</ele>
        <extensions>
          <gpxtpx:TrackPointExtension>
            <gpxtpx:Extensions>
              <highway>secondary</highway>
              <surface>asphalt</surface>
              <oneway>yes</oneway>
              <estimated_traffic_class>4</estimated_traffic_class>
            </gpxtpx:Extensions>
          </gpxtpx:TrackPointExtension>
        </extensions>
      </trkpt>
      <trkpt lat="21.048074" lon="105.837887">
        <ele>8</ele>
        <extensions>
          <gpxtpx:TrackPointExtension>
            <gpxtpx:Extensions>
              <highway>secondary</highway>
              <surface>asphalt</surface>
              <oneway>yes</oneway>
              <estimated_traffic_class>4</estimated_traffic_class>
            </gpxtpx:Extensions>
          </gpxtpx:TrackPointExtension>
        </extensions>
      </trkpt>
      <trkpt lat="21.047254" lon="105.837037">
        <ele>8</ele>
        <extensions>
          <gpxtpx:TrackPointExtension>
            <gpxtpx:Extensions>
              <highway>secondary</highway>
              <surface>asphalt</surface>
              <oneway>yes</oneway>
              <estimated_traffic_class>4</estimated_traffic_class>
            </gpxtpx:Extensions>
          </gpxtpx:TrackPointExtension>
        </extensions>
      </trkpt>
      <trkpt lat="21.046981" lon="105.836742">
        <ele>8</ele>
        <extensions>
          <gpxtpx:TrackPointExtension>
            <gpxtpx:Extensions>
              <highway>secondary</highway>
              <surface>asphalt</surface>
              <oneway>yes</oneway>
              <estimated_traffic_class>4</estimated_traffic_class>
            </gpxtpx:Extensions>
          </gpxtpx:TrackPointExtension>
        </extensions>
      </trkpt>
      <trkpt lat="21.046889" lon="105.836673">
        <ele>8</ele>
      </trkpt>
      <trkpt lat="21.046889" lon="105.836673"/>
      <trkpt lat="21.046835" lon="105.83665"/>
      <trkpt lat="21.046803" lon="105.836643"/>
      <trkpt lat="21.046752" lon="105.836631"/>
      <trkpt lat="21.046544" lon="105.836592"/>
      <trkpt lat="21.046286" lon="105.836543"/>
      <trkpt lat="21.046254" lon="105.836537"/>
      <trkpt lat="21.046007" lon="105.836497"/>
      <trkpt lat="21.045973" lon="105.836492"/>
      <trkpt lat="21.045739" lon="105.836463"/>
      <trkpt lat="21.045473" lon="105.836429"/>
      <trkpt lat="21.045391" lon="105.836419"/>
      <trkpt lat="21.045245" lon="105.836401"/>
      <trkpt lat="21.04502" lon="105.836374"/>
      <trkpt lat="21.044795" lon="105.836346"/>
      <trkpt lat="21.044618" lon="105.836325"/>
      <trkpt lat="21.04457" lon="105.836319"/>
      <trkpt lat="21.044443" lon="105.836302"/>
      <trkpt lat="21.044382" lon="105.836294"/>
      <trkpt lat="21.044208" lon="105.836259"/>
      <trkpt lat="21.044184" lon="105.836253"/>
      <trkpt lat="21.044015" lon="105.836212"/>
      <trkpt lat="21.043988" lon="105.836204"/>
      <trkpt lat="21.043892" lon="105.836173"/>
      <trkpt lat="21.043792" lon="105.836138"/>
      <trkpt lat="21.043738" lon="105.836119"/>
      <trkpt lat="21.0437" lon="105.835961"/>
      <trkpt lat="21.043684" lon="105.835898"/>
      <trkpt lat="21.043655" lon="105.835809"/>
      <trkpt lat="21.043652" lon="105.835798"/>
      <trkpt lat="21.043622" lon="105.835685"/>
      <trkpt lat="21.043609" lon="105.835596"/>
      <trkpt lat="21.043601" lon="105.835545"/>
      <trkpt lat="21.043605" lon="105.835395"/>
      <trkpt lat="21.043612" lon="105.835158"/>
      <trkpt lat="21.043616" lon="105.835013"/>
      <trkpt lat="21.043622" lon="105.834919"/>
      <trkpt lat="21.043632" lon="105.834751"/>
      <trkpt lat="21.043641" lon="105.834595"/>
      <trkpt lat="21.043644" lon="105.834574"/>
      <trkpt lat="21.043671" lon="105.834398"/>
      <trkpt lat="21.043711" lon="105.834209"/>
      <trkpt lat="21.043724" lon="105.834166"/>
      <trkpt lat="21.043769" lon="105.83402"/>
      <trkpt lat="21.043787" lon="105.833961"/>
      <trkpt lat="21.043815" lon="105.833841"/>
      <trkpt lat="21.043828" lon="105.833726"/>
      <trkpt lat="21.043823" lon="105.833695"/>
      <trkpt lat="21.043815" lon="105.833641"/>
      <trkpt lat="21.043781" lon="105.833589"/>
      <trkpt lat="21.043611" lon="105.833471"/>
      <trkpt lat="21.04358" lon="105.83345"/>
      <trkpt lat="21.043549" lon="105.833388"/>
      <trkpt lat="21.043548" lon="105.833303"/>
      <trkpt lat="21.043562" lon="105.833217"/>
      <trkpt lat="21.043634" lon="105.832981"/>
      <trkpt lat="21.04368" lon="105.832806"/>
      <trkpt lat="21.043727" lon="105.832632"/>
      <trkpt lat="21.043774" lon="105.832454"/>
      <trkpt lat="21.043783" lon="105.832421"/>
      <trkpt lat="21.043805" lon="105.83227"/>
      <trkpt lat="21.04381" lon="105.832236"/>
      <trkpt lat="21.043811" lon="105.832027"/>
      <trkpt lat="21.043812" lon="105.831889"/>
      <trkpt lat="21.043794" lon="105.831726"/>
      <trkpt lat="21.043793" lon="105.831715"/>
      <trkpt lat="21.043778" lon="105.83163"/>
      <trkpt lat="21.043797" lon="105.831569"/>
      <trkpt lat="21.043817" lon="105.831543"/>
      <trkpt lat="21.043837" lon="105.831516"/>
      <trkpt lat="21.043945" lon="105.831393"/>
      <trkpt lat="21.044019" lon="105.831309"/>
      <trkpt lat="21.044053" lon="105.831225"/>
      <trkpt lat="21.044043" lon="105.831123"/>
      <trkpt lat="21.044003" lon="105.831075"/>
      <trkpt lat="21.04398" lon="105.831049"/>
      <trkpt lat="21.043868" lon="105.83096"/>
      <trkpt lat="21.04385" lon="105.830948"/>
      <trkpt lat="21.043746" lon="105.830878"/>
      <trkpt lat="21.043633" lon="105.830809"/>
      <trkpt lat="21.043611" lon="105.830795"/>
      <trkpt lat="21.043467" lon="105.830699"/>
      <trkpt lat="21.043433" lon="105.830663"/>
      <trkpt lat="21.043353" lon="105.830578"/>
      <trkpt lat="21.043336" lon="105.830556"/>
      <trkpt lat="21.043239" lon="105.830433"/>
      <trkpt lat="21.043166" lon="105.830283"/>
      <trkpt lat="21.043157" lon="105.830255"/>
      <trkpt lat="21.043139" lon="105.830194"/>
      <trkpt lat="21.043144" lon="105.8301"/>
      <trkpt lat="21.043164" lon="105.83007"/>
      <trkpt lat="21.043202" lon="105.830014"/>
      <trkpt lat="21.043178" lon="105.829917"/>
      <trkpt lat="21.043158" lon="105.829883"/>
      <trkpt lat="21.043059" lon="105.829711"/>
      <trkpt lat="21.04296" lon="105.82954"/>
      <trkpt lat="21.042871" lon="105.829387"/>
      <trkpt lat="21.042782" lon="105.829233"/>
      <trkpt lat="21.042749" lon="105.829176"/>
      <trkpt lat="21.042679" lon="105.829053"/>
      <trkpt lat="21.042575" lon="105.828873"/>
      <trkpt lat="21.042418" lon="105.8286"/>
      <trkpt lat="21.042288" lon="105.828373"/>
      <trkpt lat="21.042259" lon="105.828321"/>
      <trkpt lat="21.042238" lon="105.82822"/>
      <trkpt lat="21.042267" lon="105.828102"/>
      <trkpt lat="21.042278" lon="105.828069"/>
      <trkpt lat="21.04233" lon="105.827908"/>
      <trkpt lat="21.04237" lon="105.827784"/>
      <trkpt lat="21.042374" lon="105.827728"/>
      <trkpt lat="21.042378" lon="105.827675"/>
      <trkpt lat="21.042344" lon="105.827567"/>
      <trkpt lat="21.042314" lon="105.827513"/>
      <trkpt lat="21.042232" lon="105.827365"/>
      <trkpt lat="21.04215" lon="105.827217"/>
      <trkpt lat="21.04209" lon="105.827108"/>
      <trkpt lat="21.042029" lon="105.827001"/>
      <trkpt lat="21.04203" lon="105.826912"/>
      <trkpt lat="21.042034" lon="105.826602"/>
      <trkpt lat="21.042035" lon="105.826526"/>
      <trkpt lat="21.042038" lon="105.826343"/>
      <trkpt lat="21.042039" lon="105.826291"/>
      <trkpt lat="21.04208" lon="105.826205"/>
      <trkpt lat="21.042131" lon="105.826097"/>
      <trkpt lat="21.042148" lon="105.826068"/>
      <trkpt lat="21.042219" lon="105.825952"/>
      <trkpt lat="21.042308" lon="105.8259"/>
      <trkpt lat="21.042454" lon="105.825815"/>
      <trkpt lat="21.042531" lon="105.82577"/>
      <trkpt lat="21.042592" lon="105.82576"/>
      <trkpt lat="21.042736" lon="105.825735"/>
      <trkpt lat="21.042759" lon="105.825731"/>
      <trkpt lat="21.042874" lon="105.82567"/>
      <trkpt lat="21.042899" lon="105.825629"/>
      <trkpt lat="21.042979" lon="105.825495"/>
      <trkpt lat="21.043172" lon="105.825175"/>
      <trkpt lat="21.043185" lon="105.825149"/>
      <trkpt lat="21.04328" lon="105.824966"/>
      <trkpt lat="21.043298" lon="105.824888"/>
      <trkpt lat="21.043315" lon="105.824815"/>
      <trkpt lat="21.043282" lon="105.824526"/>
      <trkpt lat="21.043279" lon="105.824497"/>
      <trkpt lat="21.043228" lon="105.824296"/>
      <trkpt lat="21.043216" lon="105.824249"/>
      <trkpt lat="21.043214" lon="105.824159"/>
      <trkpt lat="21.043215" lon="105.824138"/>
      <trkpt lat="21.043225" lon="105.824002"/>
      <trkpt lat="21.043237" lon="105.823959"/>
      <trkpt lat="21.043258" lon="105.823885"/>
      <trkpt lat="21.04331" lon="105.823744"/>
      <trkpt lat="21.043373" lon="105.823653"/>
      <trkpt lat="21.043433" lon="105.823568"/>
      <trkpt lat="21.043536" lon="105.823363"/>
      <trkpt lat="21.043543" lon="105.82335"/>
      <trkpt lat="21.043603" lon="105.823222"/>
      <trkpt lat="21.043612" lon="105.823166"/>
      <trkpt lat="21.043628" lon="105.82307"/>
      <trkpt lat="21.043637" lon="105.822949"/>
      <trkpt lat="21.043651" lon="105.822739"/>
      <trkpt lat="21.043663" lon="105.822544"/>
      <trkpt lat="21.043664" lon="105.822531"/>
      <trkpt lat="21.043696" lon="105.82243"/>
      <trkpt lat="21.043721" lon="105.822351"/>
      <trkpt lat="21.04378" lon="105.822164"/>
      <trkpt lat="21.043839" lon="105.821979"/>
      <trkpt lat="21.043918" lon="105.821731"/>
      <trkpt lat="21.043944" lon="105.821648"/>
      <trkpt lat="21.043991" lon="105.821483"/>
      <trkpt lat="21.044045" lon="105.821296"/>
      <trkpt lat="21.044063" lon="105.821234"/>
      <trkpt lat="21.044118" lon="105.821041"/>
      <trkpt lat="21.044141" lon="105.820962"/>
      <trkpt lat="21.044172" lon="105.820849"/>
      <trkpt lat="21.044188" lon="105.820792"/>
      <trkpt lat="21.044216" lon="105.820705"/>
      <trkpt lat="21.044278" lon="105.820511"/>
      <trkpt lat="21.044344" lon="105.820354"/>
      <trkpt lat="21.044364" lon="105.820306"/>
      <trkpt lat="21.044398" lon="105.820183"/>
      <trkpt lat="21.044418" lon="105.820031"/>
      <trkpt lat="21.044409" lon="105.819792"/>
      <trkpt lat="21.044408" lon="105.819774"/>
      <trkpt lat="21.044377" lon="105.819578"/>
      <trkpt lat="21.044343" lon="105.819368"/>
      <trkpt lat="21.044341" lon="105.819356"/>
      <trkpt lat="21.044337" lon="105.81933"/>
      <trkpt lat="21.044343" lon="105.819198"/>
      <trkpt lat="21.04435" lon="105.819061"/>
      <trkpt lat="21.044354" lon="105.819031"/>
      <trkpt lat="21.044376" lon="105.818864"/>
      <trkpt lat="21.044397" lon="105.81871"/>
      <trkpt lat="21.044405" lon="105.818675"/>
      <trkpt lat="21.044449" lon="105.818487"/>
      <trkpt lat="21.044517" lon="105.818192"/>
      <trkpt lat="21.044532" lon="105.818128"/>
      <trkpt lat="21.044573" lon="105.817978"/>
      <trkpt lat="21.044604" lon="105.817872"/>
      <trkpt lat="21.044665" lon="105.817666"/>
      <trkpt lat="21.044707" lon="105.817557"/>
      <trkpt lat="21.044749" lon="105.817446"/>
      <trkpt lat="21.044784" lon="105.817347"/>
      <trkpt lat="21.044818" lon="105.817249"/>
      <trkpt lat="21.044862" lon="105.817138"/>
      <trkpt lat="21.044945" lon="105.816932"/>
      <trkpt lat="21.044952" lon="105.816915"/>
      <trkpt lat="21.045051" lon="105.816649"/>
      <trkpt lat="21.045156" lon="105.816365"/>
      <trkpt lat="21.045165" lon="105.816341"/>
      <trkpt lat="21.04526" lon="105.816079"/>
      <trkpt lat="21.045363" lon="105.815795"/>
      <trkpt lat="21.045381" lon="105.815746"/>
      <trkpt lat="21.045457" lon="105.815504"/>
      <trkpt lat="21.045511" lon="105.815331"/>
      <trkpt lat="21.045539" lon="105.815235"/>
      <trkpt lat="21.045546" lon="105.815215"/>
      <trkpt lat="21.04558" lon="105.815112"/>
      <trkpt lat="21.04561" lon="105.81505"/>
      <trkpt lat="21.045649" lon="105.814995"/>
      <trkpt lat="21.045657" lon="105.814987"/>
      <trkpt lat="21.045709" lon="105.814935"/>
      <trkpt lat="21.045781" lon="105.814886"/>
      <trkpt lat="21.045859" lon="105.814852"/>
      <trkpt lat="21.045981" lon="105.814808"/>
      <trkpt lat="21.046216" lon="105.814725"/>
      <trkpt lat="21.046448" lon="105.814642"/>
      <trkpt lat="21.046461" lon="105.814637"/>
      <trkpt lat="21.046554" lon="105.814597"/>
      <trkpt lat="21.046709" lon="105.814515"/>
      <trkpt lat="21.046922" lon="105.814402"/>
      <trkpt lat="21.047142" lon="105.814286"/>
      <trkpt lat="21.047193" lon="105.814264"/>
      <trkpt lat="21.047251" lon="105.814251"/>
      <trkpt lat="21.047304" lon="105.814249"/>
      <trkpt lat="21.047337" lon="105.814247"/>
      <trkpt lat="21.0474" lon="105.814252"/>
      <trkpt lat="21.047464" lon="105.814267"/>
      <trkpt lat="21.047538" lon="105.814294"/>
      <trkpt lat="21.047679" lon="105.814357"/>
      <trkpt lat="21.047919" lon="105.814464"/>
      <trkpt lat="21.047938" lon="105.814468"/>
      <trkpt lat="21.047991" lon="105.814479"/>
      <trkpt lat="21.048068" lon="105.814479"/>
      <trkpt lat="21.04813" lon="105.814471"/>
      <trkpt lat="21.04819" lon="105.814457"/>
      <trkpt lat="21.048286" lon="105.814426"/>
      <trkpt lat="21.048544" lon="105.814342"/>
      <trkpt lat="21.048711" lon="105.814288"/>
      <trkpt lat="21.048833" lon="105.814258"/>
      <trkpt lat="21.048898" lon="105.814242"/>
      <trkpt lat="21.048944" lon="105.814221"/>
      <trkpt lat="21.048986" lon="105.814199"/>
      <trkpt lat="21.049046" lon="105.814163"/>
      <trkpt lat="21.049222" lon="105.814057"/>
      <trkpt lat="21.049238" lon="105.814048"/>
      <trkpt lat="21.049256" lon="105.814037"/>
      <trkpt lat="21.049398" lon="105.813953"/>
      <trkpt lat="21.049519" lon="105.813881"/>
      <trkpt lat="21.049574" lon="105.813843"/>
      <trkpt lat="21.0496" lon="105.813827"/>
      <trkpt lat="21.049624" lon="105.813812"/>
      <trkpt lat="21.049891" lon="105.813681"/>
      <trkpt lat="21.050177" lon="105.81354"/>
      <trkpt lat="21.050463" lon="105.8134"/>
      <trkpt lat="21.050691" lon="105.813288"/>
      <trkpt lat="21.050838" lon="105.813212"/>
      <trkpt lat="21.050915" lon="105.813173"/>
      <trkpt lat="21.050954" lon="105.813154"/>
      <trkpt lat="21.051039" lon="105.813118"/>
      <trkpt lat="21.051149" lon="105.813075"/>
      <trkpt lat="21.051289" lon="105.81302"/>
      <trkpt lat="21.051382" lon="105.812984"/>
      <trkpt lat="21.051538" lon="105.812923"/>
      <trkpt lat="21.051693" lon="105.812862"/>
      <trkpt lat="21.0519" lon="105.812782"/>
      <trkpt lat="21.052107" lon="105.812708"/>
      <trkpt lat="21.052221" lon="105.812668"/>
      <trkpt lat="21.052315" lon="105.812635"/>
      <trkpt lat="21.052498" lon="105.812571"/>
      <trkpt lat="21.052555" lon="105.812551"/>
      <trkpt lat="21.052641" lon="105.812526"/>
      <trkpt lat="21.052684" lon="105.81252"/>
      <trkpt lat="21.052708" lon="105.812517"/>
      <trkpt lat="21.052753" lon="105.812525"/>
      <trkpt lat="21.052898" lon="105.812578"/>
      <trkpt lat="21.052951" lon="105.812595"/>
      <trkpt lat="21.053046" lon="105.812609"/>
      <trkpt lat="21.053058" lon="105.812608"/>
      <trkpt lat="21.053115" lon="105.812605"/>
      <trkpt lat="21.053184" lon="105.812582"/>
      <trkpt lat="21.053211" lon="105.812561"/>
      <trkpt lat="21.053454" lon="105.812371"/>
      <trkpt lat="21.053685" lon="105.81219"/>
      <trkpt lat="21.053695" lon="105.812183"/>
      <trkpt lat="21.053785" lon="105.812125"/>
      <trkpt lat="21.053852" lon="105.81209"/>
      <trkpt lat="21.053876" lon="105.812078"/>
      <trkpt lat="21.053909" lon="105.812065"/>
      <trkpt lat="21.054185" lon="105.811958"/>
      <trkpt lat="21.054459" lon="105.811852"/>
      <trkpt lat="21.054732" lon="105.811746"/>
      <trkpt lat="21.05479" lon="105.811723"/>
      <trkpt lat="21.054896" lon="105.811689"/>
      <trkpt lat="21.055024" lon="105.811657"/>
      <trkpt lat="21.055182" lon="105.811618"/>
      <trkpt lat="21.055195" lon="105.811614"/>
      <trkpt lat="21.055255" lon="105.811597"/>
      <trkpt lat="21.055326" lon="105.811566"/>
      <trkpt lat="21.055362" lon="105.81154"/>
      <trkpt lat="21.055387" lon="105.811522"/>
      <trkpt lat="21.055435" lon="105.811471"/>
      <trkpt lat="21.055467" lon="105.811412"/>
      <trkpt lat="21.055486" lon="105.811366"/>
      <trkpt lat="21.055493" lon="105.81135"/>
      <trkpt lat="21.055518" lon="105.811291"/>
      <trkpt lat="21.055539" lon="105.811226"/>
      <trkpt lat="21.055574" lon="105.811095"/>
      <trkpt lat="21.055585" lon="105.811038"/>
      <trkpt lat="21.05559" lon="105.810993"/>
      <trkpt lat="21.055591" lon="105.810982"/>
      <trkpt lat="21.055607" lon="105.810738"/>
      <trkpt lat="21.055609" lon="105.810707"/>
      <trkpt lat="21.055612" lon="105.810613"/>
      <trkpt lat="21.055636" lon="105.810571"/>
      <trkpt lat="21.055643" lon="105.810526"/>
      <trkpt lat="21.055651" lon="105.810489"/>
      <trkpt lat="21.055684" lon="105.810341"/>
      <trkpt lat="21.055697" lon="105.810311"/>
      <trkpt lat="21.055716" lon="105.810285"/>
      <trkpt lat="21.055744" lon="105.81027"/>
      <trkpt lat="21.055777" lon="105.810264"/>
      <trkpt lat="21.05583" lon="105.810263"/>
      <trkpt lat="21.055856" lon="105.810262"/>
      <trkpt lat="21.056059" lon="105.810255"/>
      <trkpt lat="21.056149" lon="105.810244"/>
      <trkpt lat="21.056198" lon="105.810234"/>
      <trkpt lat="21.05623" lon="105.810227"/>
      <trkpt lat="21.0563" lon="105.810197"/>
      <trkpt lat="21.056353" lon="105.81016"/>
      <trkpt lat="21.056435" lon="105.810061"/>
      <trkpt lat="21.056512" lon="105.809969"/>
      <trkpt lat="21.056562" lon="105.809908"/>
      <trkpt lat="21.056576" lon="105.809891"/>
      <trkpt lat="21.056628" lon="105.809806"/>
      <trkpt lat="21.056665" lon="105.809722"/>
      <trkpt lat="21.056694" lon="105.809629"/>
      <trkpt lat="21.056718" lon="105.809514"/>
      <trkpt lat="21.056754" lon="105.809287"/>
      <trkpt lat="21.056805" lon="105.808983"/>
      <trkpt lat="21.05684" lon="105.808881"/>
      <trkpt lat="21.05696" lon="105.808882"/>
      <trkpt lat="21.057198" lon="105.808884"/>
      <trkpt lat="21.057434" lon="105.808886"/>
      <trkpt lat="21.057732" lon="105.808889"/>
      <trkpt lat="21.058027" lon="105.808891"/>
      <trkpt lat="21.058339" lon="105.808894"/>
      <trkpt lat="21.058645" lon="105.808897"/>
      <trkpt lat="21.058664" lon="105.808897"/>
      <trkpt lat="21.05895" lon="105.808899"/>
      <trkpt lat="21.059256" lon="105.808902"/>
      <trkpt lat="21.059536" lon="105.808904"/>
      <trkpt lat="21.059562" lon="105.808905"/>
      <trkpt lat="21.059671" lon="105.808911"/>
      <trkpt lat="21.059835" lon="105.809106"/>
      <trkpt lat="21.059847" lon="105.80912"/>
      <trkpt lat="21.059998" lon="105.809299"/>
      <trkpt lat="21.060062" lon="105.809376"/>
      <trkpt lat="21.060107" lon="105.809401"/>
      <trkpt lat="21.060143" lon="105.80942"/>
      <trkpt lat="21.060237" lon="105.809454"/>
      <trkpt lat="21.060308" lon="105.809468"/>
      <trkpt lat="21.060512" lon="105.809471"/>
      <trkpt lat="21.060717" lon="105.809473"/>
      <trkpt lat="21.060874" lon="105.809475"/>
      <trkpt lat="21.061043" lon="105.809427"/>
      <trkpt lat="21.061213" lon="105.809377"/>
      <trkpt lat="21.061274" lon="105.809344"/>
      <trkpt lat="21.06135" lon="105.809481"/>
      <trkpt lat="21.061453" lon="105.809587"/>
      <trkpt lat="21.061618" lon="105.809746"/>
      <trkpt lat="21.061787" lon="105.809909"/>
      <trkpt lat="21.061798" lon="105.80992"/>
      <trkpt lat="21.061832" lon="105.809951"/>
      <trkpt lat="21.061876" lon="105.809975"/>
      <trkpt lat="21.061923" lon="105.809984"/>
      <trkpt lat="21.061936" lon="105.809986"/>
      <trkpt lat="21.062207" lon="105.810027"/>
      <trkpt lat="21.062474" lon="105.810068"/>
      <trkpt lat="21.06273" lon="105.810107"/>
      <trkpt lat="21.062787" lon="105.810099"/>
      <trkpt lat="21.062935" lon="105.810049"/>
      <trkpt lat="21.063102" lon="105.809993"/>
      <trkpt lat="21.063124" lon="105.809998"/>
      <trkpt lat="21.063248" lon="105.810027"/>
      <trkpt lat="21.063344" lon="105.81008"/>
      <trkpt lat="21.063502" lon="105.810167"/>
      <trkpt lat="21.063745" lon="105.810302"/>
      <trkpt lat="21.063959" lon="105.81042"/>
      <trkpt lat="21.063999" lon="105.810436"/>
      <trkpt lat="21.064267" lon="105.810544"/>
      <trkpt lat="21.064469" lon="105.810625"/>
      <trkpt lat="21.06467" lon="105.810705"/>
      <trkpt lat="21.064819" lon="105.810765"/>
      <trkpt lat="21.064871" lon="105.810782"/>
      <trkpt lat="21.064931" lon="105.810802"/>
      <trkpt lat="21.065026" lon="105.810806"/>
      <trkpt lat="21.065196" lon="105.810812"/>
      <trkpt lat="21.065364" lon="105.810819"/>
      <trkpt lat="21.06539" lon="105.81082"/>
      <trkpt lat="21.065503" lon="105.810836"/>
      <trkpt lat="21.065521" lon="105.810838"/>
      <trkpt lat="21.065751" lon="105.810982"/>
      <trkpt lat="21.065795" lon="105.811014"/>
      <trkpt lat="21.065811" lon="105.811025"/>
      <trkpt lat="21.065833" lon="105.81104"/>
      <trkpt lat="21.065866" lon="105.811079"/>
      <trkpt lat="21.065885" lon="105.811141"/>
      <trkpt lat="21.065894" lon="105.811153"/>
      <trkpt lat="21.065939" lon="105.811209"/>
      <trkpt lat="21.066021" lon="105.811261"/>
      <trkpt lat="21.066037" lon="105.811271"/>
      <trkpt lat="21.066168" lon="105.811343"/>
      <trkpt lat="21.066272" lon="105.811392"/>
      <trkpt lat="21.066331" lon="105.81138"/>
      <trkpt lat="21.066354" lon="105.811376"/>
      <trkpt lat="21.066408" lon="105.811352"/>
      <trkpt lat="21.066492" lon="105.811345"/>
      <trkpt lat="21.066549" lon="105.811343"/>
      <trkpt lat="21.066588" lon="105.811341"/>
      <trkpt lat="21.066715" lon="105.811339"/>
      <trkpt lat="21.066737" lon="105.811339"/>
      <trkpt lat="21.066796" lon="105.811339"/>
      <trkpt lat="21.066883" lon="105.811359"/>
      <trkpt lat="21.066917" lon="105.811366"/>
      <trkpt lat="21.067037" lon="105.811406"/>
      <trkpt lat="21.067191" lon="105.811485"/>
      <trkpt lat="21.067384" lon="105.811583"/>
      <trkpt lat="21.067557" lon="105.811672"/>
      <trkpt lat="21.067574" lon="105.811688"/>
      <trkpt lat="21.067606" lon="105.811719"/>
      <trkpt lat="21.067634" lon="105.811764"/>
      <trkpt lat="21.067674" lon="105.81186"/>
      <trkpt lat="21.067707" lon="105.811939"/>
      <trkpt lat="21.067734" lon="105.811964"/>
      <trkpt lat="21.067792" lon="105.811987"/>
      <trkpt lat="21.06799" lon="105.812094"/>
      <trkpt lat="21.068189" lon="105.812202"/>
      <trkpt lat="21.068235" lon="105.81222"/>
      <trkpt lat="21.068268" lon="105.812232"/>
      <trkpt lat="21.068362" lon="105.812246"/>
      <trkpt lat="21.068503" lon="105.812255"/>
      <trkpt lat="21.068574" lon="105.812259"/>
      <trkpt lat="21.068716" lon="105.812306"/>
      <trkpt lat="21.068833" lon="105.81236"/>
      <trkpt lat="21.068956" lon="105.812376"/>
      <trkpt lat="21.06899" lon="105.812395"/>
      <trkpt lat="21.069092" lon="105.812451"/>
      <trkpt lat="21.069144" lon="105.812327"/>
      <trkpt lat="21.069256" lon="105.81206"/>
      <trkpt lat="21.069297" lon="105.811961"/>
      <trkpt lat="21.069369" lon="105.811793"/>
      <trkpt lat="21.069405" lon="105.811702"/>
      <trkpt lat="21.069431" lon="105.811687"/>
      <trkpt lat="21.069458" lon="105.811665"/>
      <trkpt lat="21.069489" lon="105.811622"/>
      <trkpt lat="21.069505" lon="105.811571"/>
      <trkpt lat="21.069505" lon="105.811517"/>
      <trkpt lat="21.069494" lon="105.811475"/>
      <trkpt lat="21.069474" lon="105.811438"/>
      <trkpt lat="21.06955" lon="105.81124"/>
      <trkpt lat="21.069587" lon="105.811142"/>
      <trkpt lat="21.069662" lon="105.810979"/>
      <trkpt lat="21.069669" lon="105.810964"/>
      <trkpt lat="21.06975" lon="105.810786"/>
      <trkpt lat="21.069779" lon="105.810724"/>
      <trkpt lat="21.069896" lon="105.81047"/>
      <trkpt lat="21.069947" lon="105.810361"/>
      <trkpt lat="21.069986" lon="105.810268"/>
      <trkpt lat="21.07001" lon="105.810213"/>
      <trkpt lat="21.070123" lon="105.809957"/>
      <trkpt lat="21.070168" lon="105.809855"/>
      <trkpt lat="21.070231" lon="105.809697"/>
      <trkpt lat="21.070272" lon="105.809593"/>
      <trkpt lat="21.070329" lon="105.809567"/>
      <trkpt lat="21.070344" lon="105.80956"/>
      <trkpt lat="21.07041" lon="105.809528"/>
      <trkpt lat="21.070504" lon="105.809486"/>
      <trkpt lat="21.070589" lon="105.809448"/>
      <trkpt lat="21.070663" lon="105.809415"/>
      <trkpt lat="21.070689" lon="105.809403"/>
      <trkpt lat="21.070819" lon="105.809345"/>
      <trkpt lat="21.071001" lon="105.809467"/>
      <trkpt lat="21.071122" lon="105.809549"/>
      <trkpt lat="21.071165" lon="105.809566"/>
      <trkpt lat="21.071398" lon="105.809661"/>
      <trkpt lat="21.071627" lon="105.809754"/>
      <trkpt lat="21.071856" lon="105.809847"/>
      <trkpt lat="21.072086" lon="105.80994"/>
      <trkpt lat="21.072299" lon="105.810027"/>
      <trkpt lat="21.072511" lon="105.810113"/>
      <trkpt lat="21.072707" lon="105.810192"/>
      <trkpt lat="21.072723" lon="105.810198"/>
      <trkpt lat="21.072936" lon="105.810285"/>
      <trkpt lat="21.073149" lon="105.810371"/>
      <trkpt lat="21.07336" lon="105.810457"/>
      <trkpt lat="21.07365" lon="105.810574"/>
      <trkpt lat="21.073684" lon="105.810588"/>
      <trkpt lat="21.073935" lon="105.81069"/>
      <trkpt lat="21.074222" lon="105.810806"/>
      <trkpt lat="21.074479" lon="105.81091"/>
      <trkpt lat="21.074732" lon="105.811013"/>
      <trkpt lat="21.074952" lon="105.811102"/>
      <trkpt lat="21.074987" lon="105.811116"/>
      <trkpt lat="21.07524" lon="105.811219"/>
      <trkpt lat="21.075466" lon="105.81131"/>
      <trkpt lat="21.075517" lon="105.811331"/>
      <trkpt lat="21.075623" lon="105.81138"/>
      <trkpt lat="21.075687" lon="105.811409"/>
      <trkpt lat="21.075906" lon="105.81151"/>
      <trkpt lat="21.076163" lon="105.811628"/>
      <trkpt lat="21.076229" lon="105.811658"/>
      <trkpt lat="21.076409" lon="105.811764"/>
      <trkpt lat="21.07666" lon="105.811913"/>
      <trkpt lat="21.076879" lon="105.812043"/>
      <trkpt lat="21.076908" lon="105.812062"/>
      <trkpt lat="21.077031" lon="105.81214"/>
      <trkpt lat="21.077161" lon="105.812188"/>
      <trkpt lat="21.077217" lon="105.812208"/>
      <trkpt lat="21.077403" lon="105.812324"/>
      <trkpt lat="21.077418" lon="105.812333"/>
      <trkpt lat="21.077608" lon="105.812452"/>
      <trkpt lat="21.077663" lon="105.812487"/>
      <trkpt lat="21.077886" lon="105.812628"/>
      <trkpt lat="21.077906" lon="105.81264"/>
      <trkpt lat="21.078109" lon="105.812766"/>
      <trkpt lat="21.07823" lon="105.812841"/>
      <trkpt lat="21.078323" lon="105.812899"/>
      <trkpt lat="21.078336" lon="105.81291"/>
      <trkpt lat="21.078487" lon="105.813037"/>
      <trkpt lat="21.078575" lon="105.813091"/>
      <trkpt lat="21.078816" lon="105.813239"/>
      <trkpt lat="21.078831" lon="105.813248"/>
      <trkpt lat="21.079087" lon="105.813405"/>
      <trkpt lat="21.079204" lon="105.813477"/>
      <trkpt lat="21.079343" lon="105.813562"/>
      <trkpt lat="21.079455" lon="105.81363"/>
      <trkpt lat="21.079574" lon="105.813707"/>
      <trkpt lat="21.079648" lon="105.813756"/>
      <trkpt lat="21.0798" lon="105.81385"/>
      <trkpt lat="21.079988" lon="105.813966"/>
      <trkpt lat="21.080027" lon="105.813991"/>
      <trkpt lat="21.080253" lon="105.814137"/>
      <trkpt lat="21.080479" lon="105.814282"/>
      <trkpt lat="21.080504" lon="105.814298"/>
      <trkpt lat="21.080721" lon="105.814431"/>
      <trkpt lat="21.08096" lon="105.814577"/>
      <trkpt lat="21.081126" lon="105.814679"/>
      <trkpt lat="21.081199" lon="105.814708"/>
      <trkpt lat="21.081458" lon="105.81481"/>
      <trkpt lat="21.08147" lon="105.814817"/>
      <trkpt lat="21.081708" lon="105.814968"/>
      <trkpt lat="21.081945" lon="105.815119"/>
      <trkpt lat="21.082188" lon="105.815273"/>
      <trkpt lat="21.082429" lon="105.815425"/>
      <trkpt lat="21.082674" lon="105.815581"/>
      <trkpt lat="21.082768" lon="105.81564"/>
      <trkpt lat="21.082919" lon="105.815735"/>
      <trkpt lat="21.083185" lon="105.815901"/>
      <trkpt lat="21.08345" lon="105.816068"/>
      <trkpt lat="21.0837" lon="105.816225"/>
      <trkpt lat="21.083949" lon="105.816381"/>
      <trkpt lat="21.0841" lon="105.816476"/>
      <trkpt lat="21.08425" lon="105.81657"/>
      <trkpt lat="21.084333" lon="105.816622"/>
      <trkpt lat="21.08437" lon="105.816646"/>
      <trkpt lat="21.084564" lon="105.816774"/>
      <trkpt lat="21.084757" lon="105.8169"/>
      <trkpt lat="21.085026" lon="105.817077"/>
      <trkpt lat="21.085293" lon="105.817252"/>
      <trkpt lat="21.085482" lon="105.817377"/>
      <trkpt lat="21.085579" lon="105.81744"/>
      <trkpt lat="21.085675" lon="105.817495"/>
      <trkpt lat="21.085869" lon="105.817607"/>
      <trkpt lat="21.086105" lon="105.817743"/>
      <trkpt lat="21.086209" lon="105.817803"/>
      <trkpt lat="21.086339" lon="105.817878"/>
      <trkpt lat="21.086572" lon="105.818013"/>
      <trkpt lat="21.086771" lon="105.818128"/>
      <trkpt lat="21.086896" lon="105.8182"/>
      <trkpt lat="21.086971" lon="105.818239"/>
      <trkpt lat="21.087172" lon="105.818343"/>
      <trkpt lat="21.087324" lon="105.818421"/>
      <trkpt lat="21.087473" lon="105.818499"/>
      <trkpt lat="21.087738" lon="105.818636"/>
      <trkpt lat="21.087811" lon="105.818674"/>
      <trkpt lat="21.088009" lon="105.818762"/>
      <trkpt lat="21.088276" lon="105.81888"/>
      <trkpt lat="21.088544" lon="105.818999"/>
      <trkpt lat="21.088825" lon="105.819124"/>
      <trkpt lat="21.089093" lon="105.819242"/>
      <trkpt lat="21.089361" lon="105.819364"/>
      <trkpt lat="21.08963" lon="105.819486"/>
      <trkpt lat="21.089898" lon="105.819608"/>
      <trkpt lat="21.090166" lon="105.819729"/>
      <trkpt lat="21.090434" lon="105.819851"/>
      <trkpt lat="21.090703" lon="105.819972"/>
      <trkpt lat="21.09097" lon="105.820094"/>
      <trkpt lat="21.091239" lon="105.820215"/>
      <trkpt lat="21.091507" lon="105.820337"/>
      <trkpt lat="21.091573" lon="105.820367"/>
      <trkpt lat="21.091789" lon="105.820466"/>
      <trkpt lat="21.092065" lon="105.820593"/>
      <trkpt lat="21.092342" lon="105.820719"/>
      <trkpt lat="21.09262" lon="105.820846"/>
      <trkpt lat="21.092897" lon="105.820973"/>
      <trkpt lat="21.093146" lon="105.821087"/>
      <trkpt lat="21.093391" lon="105.8212"/>
      <trkpt lat="21.093636" lon="105.821312"/>
      <trkpt lat="21.093881" lon="105.821424"/>
      <trkpt lat="21.094073" lon="105.821512"/>
      <trkpt lat="21.094126" lon="105.821537"/>
      <trkpt lat="21.094385" lon="105.82166"/>
      <trkpt lat="21.094639" lon="105.821781"/>
      <trkpt lat="21.094892" lon="105.821902"/>
      <trkpt lat="21.095146" lon="105.822022"/>
      <trkpt lat="21.095399" lon="105.822143"/>
      <trkpt lat="21.095654" lon="105.822264"/>
      <trkpt lat="21.095907" lon="105.822385"/>
      <trkpt lat="21.096158" lon="105.822504"/>
      <trkpt lat="21.09641" lon="105.822624"/>
      <trkpt lat="21.096546" lon="105.822689"/>
      <trkpt lat="21.096702" lon="105.822759"/>
      <trkpt lat="21.096991" lon="105.82289"/>
      <trkpt lat="21.097279" lon="105.82302"/>
      <trkpt lat="21.097568" lon="105.82315"/>
      <trkpt lat="21.097838" lon="105.823272"/>
      <trkpt lat="21.098102" lon="105.823391"/>
      <trkpt lat="21.098366" lon="105.82351"/>
      <trkpt lat="21.09863" lon="105.823629"/>
      <trkpt lat="21.098895" lon="105.823748"/>
      <trkpt lat="21.099027" lon="105.823808"/>
      <trkpt lat="21.099158" lon="105.823868"/>
      <trkpt lat="21.099356" lon="105.823957"/>
      <trkpt lat="21.09955" lon="105.824045"/>
      <trkpt lat="21.099746" lon="105.824134"/>
      <trkpt lat="21.099994" lon="105.824247"/>
      <trkpt lat="21.10024" lon="105.824358"/>
      <trkpt lat="21.100277" lon="105.824375"/>
      <trkpt lat="21.100494" lon="105.824459"/>
      <trkpt lat="21.100768" lon="105.824566"/>
      <trkpt lat="21.100984" lon="105.82465"/>
      <trkpt lat="21.101038" lon="105.824673"/>
      <trkpt lat="21.101306" lon="105.82479"/>
      <trkpt lat="21.101574" lon="105.824906"/>
      <trkpt lat="21.101639" lon="105.824934"/>
      <trkpt lat="21.101782" lon="105.825005"/>
      <trkpt lat="21.101986" lon="105.825107"/>
      <trkpt lat="21.102191" lon="105.825209"/>
      <trkpt lat="21.102324" lon="105.825275"/>
      <trkpt lat="21.10243" lon="105.825324"/>
      <trkpt lat="21.102669" lon="105.825434"/>
      <trkpt lat="21.102872" lon="105.825527"/>
      <trkpt lat="21.102939" lon="105.825558"/>
      <trkpt lat="21.103077" lon="105.82561"/>
      <trkpt lat="21.103283" lon="105.825688"/>
      <trkpt lat="21.103449" lon="105.825751"/>
      <trkpt lat="21.103612" lon="105.825813"/>
      <trkpt lat="21.103711" lon="105.82585"/>
      <trkpt lat="21.103858" lon="105.825907"/>
      <trkpt lat="21.104101" lon="105.826002"/>
      <trkpt lat="21.104269" lon="105.826067"/>
      <trkpt lat="21.104322" lon="105.826088"/>
      <trkpt lat="21.104442" lon="105.826124"/>
      <trkpt lat="21.104734" lon="105.826212"/>
      <trkpt lat="21.10502" lon="105.826298"/>
      <trkpt lat="21.105031" lon="105.826301"/>
      <trkpt lat="21.105308" lon="105.826378"/>
      <trkpt lat="21.105596" lon="105.826458"/>
      <trkpt lat="21.105731" lon="105.826496"/>
      <trkpt lat="21.105867" lon="105.82652"/>
      <trkpt lat="21.106141" lon="105.826569"/>
      <trkpt lat="21.106355" lon="105.826607"/>
      <trkpt lat="21.106448" lon="105.826623"/>
      <trkpt lat="21.106571" lon="105.826651"/>
      <trkpt lat="21.106768" lon="105.826696"/>
      <trkpt lat="21.106987" lon="105.826747"/>
      <trkpt lat="21.107019" lon="105.826754"/>
      <trkpt lat="21.107203" lon="105.826792"/>
      <trkpt lat="21.10735" lon="105.826822"/>
      <trkpt lat="21.107513" lon="105.826855"/>
      <trkpt lat="21.107539" lon="105.826859"/>
      <trkpt lat="21.107738" lon="105.826891"/>
      <trkpt lat="21.107934" lon="105.826922"/>
      <trkpt lat="21.1082" lon="105.826964"/>
      <trkpt lat="21.108418" lon="105.826999"/>
      <trkpt lat="21.108458" lon="105.827004"/>
      <trkpt lat="21.108721" lon="105.827035"/>
      <trkpt lat="21.108962" lon="105.827064"/>
      <trkpt lat="21.1092" lon="105.827092"/>
      <trkpt lat="21.109331" lon="105.827108"/>
      <trkpt lat="21.109435" lon="105.827117"/>
      <trkpt lat="21.109737" lon="105.827143"/>
      <trkpt lat="21.110038" lon="105.827169"/>
      <trkpt lat="21.110058" lon="105.827171"/>
      <trkpt lat="21.110289" lon="105.82718"/>
      <trkpt lat="21.11054" lon="105.82719"/>
      <trkpt lat="21.110792" lon="105.827199"/>
      <trkpt lat="21.110863" lon="105.827202"/>
      <trkpt lat="21.111043" lon="105.827209"/>
      <trkpt lat="21.111127" lon="105.827212"/>
      <trkpt lat="21.111266" lon="105.827213"/>
      <trkpt lat="21.111489" lon="105.827214"/>
      <trkpt lat="21.111711" lon="105.827214"/>
      <trkpt lat="21.111942" lon="105.827215"/>
      <trkpt lat="21.112169" lon="105.827216"/>
      <trkpt lat="21.112397" lon="105.827217"/>
      <trkpt lat="21.112647" lon="105.827218"/>
      <trkpt lat="21.112895" lon="105.82722"/>
      <trkpt lat="21.113145" lon="105.827221"/>
      <trkpt lat="21.113394" lon="105.827222"/>
      <trkpt lat="21.113658" lon="105.827223"/>
      <trkpt lat="21.11392" lon="105.827224"/>
      <trkpt lat="21.114181" lon="105.827225"/>
      <trkpt lat="21.114326" lon="105.827225"/>
      <trkpt lat="21.114404" lon="105.827225"/>
      <trkpt lat="21.114686" lon="105.827226"/>
      <trkpt lat="21.114791" lon="105.827226"/>
      <trkpt lat="21.114948" lon="105.827236"/>
      <trkpt lat="21.115208" lon="105.827252"/>
      <trkpt lat="21.115465" lon="105.827268"/>
      <trkpt lat="21.115718" lon="105.827283"/>
      <trkpt lat="21.11597" lon="105.827299"/>
      <trkpt lat="21.116222" lon="105.827315"/>
      <trkpt lat="21.116437" lon="105.827328"/>
      <trkpt lat="21.116464" lon="105.827328"/>
      <trkpt lat="21.11663" lon="105.827328"/>
      <trkpt lat="21.116795" lon="105.827329"/>
      <trkpt lat="21.117046" lon="105.827329"/>
      <trkpt lat="21.117101" lon="105.827329"/>
      <trkpt lat="21.117405" lon="105.82733"/>
      <trkpt lat="21.11763" lon="105.82733"/>
      <trkpt lat="21.117671" lon="105.82733"/>
      <trkpt lat="21.117853" lon="105.82733"/>
      <trkpt lat="21.118082" lon="105.82733"/>
      <trkpt lat="21.118309" lon="105.827331"/>
      <trkpt lat="21.118564" lon="105.827331"/>
      <trkpt lat="21.118775" lon="105.827331"/>
      <trkpt lat="21.118816" lon="105.827331"/>
      <trkpt lat="21.119025" lon="105.827331"/>
      <trkpt lat="21.119085" lon="105.827331"/>
      <trkpt lat="21.119241" lon="105.827332"/>
      <trkpt lat="21.119349" lon="105.827332"/>
      <trkpt lat="21.119508" lon="105.827332"/>
      <trkpt lat="21.119612" lon="105.827332"/>
      <trkpt lat="21.119876" lon="105.827332"/>
      <trkpt lat="21.120139" lon="105.827333"/>
      <trkpt lat="21.120432" lon="105.827333"/>
      <trkpt lat="21.120508" lon="105.827333"/>
      <trkpt lat="21.120723" lon="105.827346"/>
      <trkpt lat="21.121011" lon="105.827364"/>
      <trkpt lat="21.121189" lon="105.827375"/>
      <trkpt lat="21.121303" lon="105.827384"/>
      <trkpt lat="21.12136" lon="105.827388"/>
      <trkpt lat="21.121524" lon="105.827446"/>
      <trkpt lat="21.121541" lon="105.827454"/>
      <trkpt lat="21.121679" lon="105.827523"/>
      <trkpt lat="21.12174" lon="105.827555"/>
      <trkpt lat="21.121808" lon="105.82759"/>
      <trkpt lat="21.121946" lon="105.827703"/>
      <trkpt lat="21.122094" lon="105.827856"/>
      <trkpt lat="21.122167" lon="105.827931"/>
      <trkpt lat="21.122166" lon="105.828007"/>
      <trkpt lat="21.122165" lon="105.828055"/>
      <trkpt lat="21.122163" lon="105.828197"/>
      <trkpt lat="21.122159" lon="105.828487"/>
      <trkpt lat="21.122154" lon="105.828777"/>
      <trkpt lat="21.122154" lon="105.8288"/>
      <trkpt lat="21.122152" lon="105.829069"/>
      <trkpt lat="21.12215" lon="105.829376"/>
      <trkpt lat="21.122148" lon="105.829683"/>
      <trkpt lat="21.122146" lon="105.829991"/>
      <trkpt lat="21.122144" lon="105.830289"/>
      <trkpt lat="21.122142" lon="105.830541"/>
      <trkpt lat="21.122142" lon="105.830589"/>
      <trkpt lat="21.122139" lon="105.830889"/>
      <trkpt lat="21.122137" lon="105.831189"/>
      <trkpt lat="21.122135" lon="105.831489"/>
      <trkpt lat="21.122133" lon="105.831688"/>
      <trkpt lat="21.122133" lon="105.831789"/>
      <trkpt lat="21.122132" lon="105.832089"/>
      <trkpt lat="21.122131" lon="105.83239"/>
      <trkpt lat="21.12213" lon="105.832692"/>
      <trkpt lat="21.122129" lon="105.832994"/>
      <trkpt lat="21.122128" lon="105.833296"/>
      <trkpt lat="21.122127" lon="105.833598"/>
      <trkpt lat="21.122126" lon="105.8339"/>
      <trkpt lat="21.122125" lon="105.834168"/>
      <trkpt lat="21.122125" lon="105.834437"/>
      <trkpt lat="21.122124" lon="105.834662"/>
      <trkpt lat="21.122123" lon="105.834713"/>
      <trkpt lat="21.122122" lon="105.834976"/>
      <trkpt lat="21.122121" lon="105.835235"/>
      <trkpt lat="21.12212" lon="105.835495"/>
      <trkpt lat="21.122119" lon="105.835634"/>
      <trkpt lat="21.122118" lon="105.835772"/>
      <trkpt lat="21.122117" lon="105.835957"/>
      <trkpt lat="21.122127" lon="105.836051"/>
      <trkpt lat="21.122137" lon="105.836146"/>
      <trkpt lat="21.122149" lon="105.836209"/>
      <trkpt lat="21.122167" lon="105.836297"/>
      <trkpt lat="21.122237" lon="105.836536"/>
      <trkpt lat="21.122245" lon="105.836565"/>
      <trkpt lat="21.122329" lon="105.836679"/>
      <trkpt lat="21.122452" lon="105.836842"/>
      <trkpt lat="21.122472" lon="105.836857"/>
      <trkpt lat="21.122594" lon="105.83695"/>
      <trkpt lat="21.122509" lon="105.837053"/>
      <trkpt lat="21.122447" lon="105.837128"/>
      <trkpt lat="21.122345" lon="105.837249"/>
      <trkpt lat="21.122286" lon="105.837319"/>
      <trkpt lat="21.122199" lon="105.837403"/>
      <trkpt lat="21.122016" lon="105.837581"/>
      <trkpt lat="21.121839" lon="105.837766"/>
      <trkpt lat="21.121676" lon="105.837936"/>
      <trkpt lat="21.121664" lon="105.837949"/>
      <trkpt lat="21.121508" lon="105.838101"/>
      <trkpt lat="21.121328" lon="105.838276"/>
      <trkpt lat="21.121316" lon="105.838288"/>
      <trkpt lat="21.121139" lon="105.838442"/>
      <trkpt lat="21.12096" lon="105.838597"/>
      <trkpt lat="21.120933" lon="105.838619"/>
      <trkpt lat="21.120724" lon="105.838791"/>
      <trkpt lat="21.120607" lon="105.838887"/>
      <trkpt lat="21.12052" lon="105.838975"/>
      <trkpt lat="21.120325" lon="105.83917"/>
      <trkpt lat="21.120276" lon="105.83922"/>
      <trkpt lat="21.12008" lon="105.839383"/>
      <trkpt lat="21.119925" lon="105.839512"/>
      <trkpt lat="21.119893" lon="105.839538"/>
      <trkpt lat="21.119826" lon="105.83958"/>
      <trkpt lat="21.119608" lon="105.839717"/>
      <trkpt lat="21.119553" lon="105.839763"/>
      <trkpt lat="21.119305" lon="105.839969"/>
      <trkpt lat="21.119056" lon="105.840175"/>
      <trkpt lat="21.118808" lon="105.840381"/>
      <trkpt lat="21.11856" lon="105.840588"/>
      <trkpt lat="21.118312" lon="105.840794"/>
      <trkpt lat="21.118064" lon="105.841"/>
      <trkpt lat="21.117816" lon="105.841206"/>
      <trkpt lat="21.117568" lon="105.841412"/>
      <trkpt lat="21.11732" lon="105.841618"/>
      <trkpt lat="21.117071" lon="105.841825"/>
      <trkpt lat="21.11702" lon="105.84192"/>
      <trkpt lat="21.116973" lon="105.841959"/>
      <trkpt lat="21.116847" lon="105.842064"/>
      <trkpt lat="21.116599" lon="105.84227"/>
      <trkpt lat="21.116351" lon="105.842475"/>
      <trkpt lat="21.116209" lon="105.842593"/>
      <trkpt lat="21.116103" lon="105.842683"/>
      <trkpt lat="21.115857" lon="105.842891"/>
      <trkpt lat="21.115606" lon="105.843104"/>
      <trkpt lat="21.115359" lon="105.843313"/>
      <trkpt lat="21.115317" lon="105.843349"/>
      <trkpt lat="21.115111" lon="105.843521"/>
      <trkpt lat="21.114863" lon="105.843728"/>
      <trkpt lat="21.114811" lon="105.843772"/>
      <trkpt lat="21.114616" lon="105.843935"/>
      <trkpt lat="21.114368" lon="105.844143"/>
      <trkpt lat="21.114121" lon="105.84435"/>
      <trkpt lat="21.114016" lon="105.844438"/>
      <trkpt lat="21.113873" lon="105.844557"/>
      <trkpt lat="21.113697" lon="105.844704"/>
      <trkpt lat="21.113668" lon="105.844728"/>
      <trkpt lat="21.113466" lon="105.844895"/>
      <trkpt lat="21.113263" lon="105.845063"/>
      <trkpt lat="21.113111" lon="105.845188"/>
      <trkpt lat="21.11306" lon="105.84523"/>
      <trkpt lat="21.112857" lon="105.845396"/>
      <trkpt lat="21.11261" lon="105.845598"/>
      <trkpt lat="21.112445" lon="105.845733"/>
      <trkpt lat="21.112352" lon="105.845791"/>
      <trkpt lat="21.112161" lon="105.845909"/>
      <trkpt lat="21.112096" lon="105.845963"/>
      <trkpt lat="21.111852" lon="105.846163"/>
      <trkpt lat="21.111626" lon="105.846348"/>
      <trkpt lat="21.111404" lon="105.846531"/>
      <trkpt lat="21.111182" lon="105.846713"/>
      <trkpt lat="21.11096" lon="105.846896"/>
      <trkpt lat="21.110783" lon="105.847041"/>
      <trkpt lat="21.110744" lon="105.847083"/>
      <trkpt lat="21.110546" lon="105.847292"/>
      <trkpt lat="21.110493" lon="105.847348"/>
      <trkpt lat="21.11031" lon="105.847484"/>
      <trkpt lat="21.110204" lon="105.847563"/>
      <trkpt lat="21.110087" lon="105.847671"/>
      <trkpt lat="21.109917" lon="105.847828"/>
      <trkpt lat="21.109866" lon="105.847871"/>
      <trkpt lat="21.109652" lon="105.848049"/>
      <trkpt lat="21.109439" lon="105.848226"/>
      <trkpt lat="21.109228" lon="105.848403"/>
      <trkpt lat="21.108996" lon="105.848596"/>
      <trkpt lat="21.108766" lon="105.848787"/>
      <trkpt lat="21.108537" lon="105.848978"/>
      <trkpt lat="21.108513" lon="105.848998"/>
      <trkpt lat="21.108475" lon="105.849031"/>
      <trkpt lat="21.108304" lon="105.849167"/>
      <trkpt lat="21.108072" lon="105.849353"/>
      <trkpt lat="21.107827" lon="105.849548"/>
      <trkpt lat="21.107586" lon="105.849741"/>
      <trkpt lat="21.107538" lon="105.849779"/>
      <trkpt lat="21.10734" lon="105.84993"/>
      <trkpt lat="21.107218" lon="105.850023"/>
      <trkpt lat="21.107093" lon="105.850116"/>
      <trkpt lat="21.106846" lon="105.8503"/>
      <trkpt lat="21.106618" lon="105.850469"/>
      <trkpt lat="21.106408" lon="105.850625"/>
      <trkpt lat="21.106393" lon="105.850636"/>
      <trkpt lat="21.106168" lon="105.850799"/>
      <trkpt lat="21.106145" lon="105.850816"/>
      <trkpt lat="21.105946" lon="105.850965"/>
      <trkpt lat="21.105723" lon="105.851133"/>
      <trkpt lat="21.1055" lon="105.8513"/>
      <trkpt lat="21.105277" lon="105.851467"/>
      <trkpt lat="21.105087" lon="105.851609"/>
      <trkpt lat="21.105021" lon="105.851634"/>
      <trkpt lat="21.104859" lon="105.851696"/>
      <trkpt lat="21.104784" lon="105.851751"/>
      <trkpt lat="21.104555" lon="105.851919"/>
      <trkpt lat="21.104328" lon="105.852086"/>
      <trkpt lat="21.104205" lon="105.852176"/>
      <trkpt lat="21.104101" lon="105.852254"/>
      <trkpt lat="21.103874" lon="105.852422"/>
      <trkpt lat="21.103648" lon="105.852591"/>
      <trkpt lat="21.103606" lon="105.852622"/>
      <trkpt lat="21.103401" lon="105.852778"/>
      <trkpt lat="21.103157" lon="105.852963"/>
      <trkpt lat="21.102913" lon="105.853149"/>
      <trkpt lat="21.102848" lon="105.853198"/>
      <trkpt lat="21.102665" lon="105.853329"/>
      <trkpt lat="21.102477" lon="105.853463"/>
      <trkpt lat="21.102444" lon="105.853519"/>
      <trkpt lat="21.102365" lon="105.853652"/>
      <trkpt lat="21.102218" lon="105.853764"/>
      <trkpt lat="21.101975" lon="105.85395"/>
      <trkpt lat="21.101732" lon="105.854136"/>
      <trkpt lat="21.10149" lon="105.854321"/>
      <trkpt lat="21.101247" lon="105.854507"/>
      <trkpt lat="21.101192" lon="105.854549"/>
      <trkpt lat="21.101019" lon="105.854676"/>
      <trkpt lat="21.100795" lon="105.85484"/>
      <trkpt lat="21.100661" lon="105.854938"/>
      <trkpt lat="21.100522" lon="105.854969"/>
      <trkpt lat="21.100423" lon="105.854991"/>
      <trkpt lat="21.100296" lon="105.855091"/>
      <trkpt lat="21.100077" lon="105.855263"/>
      <trkpt lat="21.099895" lon="105.855406"/>
      <trkpt lat="21.099866" lon="105.855429"/>
      <trkpt lat="21.099716" lon="105.855553"/>
      <trkpt lat="21.099538" lon="105.8557"/>
      <trkpt lat="21.099351" lon="105.855854"/>
      <trkpt lat="21.099343" lon="105.855861"/>
      <trkpt lat="21.099154" lon="105.856028"/>
      <trkpt lat="21.098965" lon="105.856194"/>
      <trkpt lat="21.098724" lon="105.856408"/>
      <trkpt lat="21.098617" lon="105.856502"/>
      <trkpt lat="21.098535" lon="105.856646"/>
      <trkpt lat="21.098497" lon="105.856712"/>
      <trkpt lat="21.098301" lon="105.856896"/>
      <trkpt lat="21.09807" lon="105.857115"/>
      <trkpt lat="21.097837" lon="105.857334"/>
      <trkpt lat="21.097606" lon="105.857552"/>
      <trkpt lat="21.097354" lon="105.857789"/>
      <trkpt lat="21.097282" lon="105.857857"/>
      <trkpt lat="21.097115" lon="105.858011"/>
      <trkpt lat="21.096877" lon="105.858231"/>
      <trkpt lat="21.096638" lon="105.85845"/>
      <trkpt lat="21.0964" lon="105.85867"/>
      <trkpt lat="21.09625" lon="105.858808"/>
      <trkpt lat="21.096161" lon="105.85889"/>
      <trkpt lat="21.095923" lon="105.859109"/>
      <trkpt lat="21.095685" lon="105.85933"/>
      <trkpt lat="21.095442" lon="105.859554"/>
      <trkpt lat="21.095208" lon="105.859769"/>
      <trkpt lat="21.09497" lon="105.859989"/>
      <trkpt lat="21.094731" lon="105.860209"/>
      <trkpt lat="21.094562" lon="105.860365"/>
      <trkpt lat="21.094493" lon="105.860429"/>
      <trkpt lat="21.094371" lon="105.860542"/>
      <trkpt lat="21.094251" lon="105.860648"/>
      <trkpt lat="21.094009" lon="105.860863"/>
      <trkpt lat="21.093767" lon="105.861078"/>
      <trkpt lat="21.093756" lon="105.861087"/>
      <trkpt lat="21.093524" lon="105.861292"/>
      <trkpt lat="21.093282" lon="105.861507"/>
      <trkpt lat="21.093087" lon="105.86168"/>
      <trkpt lat="21.093076" lon="105.86169"/>
      <trkpt lat="21.093043" lon="105.861721"/>
      <trkpt lat="21.092805" lon="105.861943"/>
      <trkpt lat="21.092637" lon="105.862101"/>
      <trkpt lat="21.092569" lon="105.862165"/>
      <trkpt lat="21.092332" lon="105.862387"/>
      <trkpt lat="21.092095" lon="105.862608"/>
      <trkpt lat="21.091858" lon="105.86283"/>
      <trkpt lat="21.091621" lon="105.863052"/>
      <trkpt lat="21.091384" lon="105.863274"/>
      <trkpt lat="21.091159" lon="105.863484"/>
      <trkpt lat="21.090916" lon="105.863583"/>
      <trkpt lat="21.090847" lon="105.863647"/>
      <trkpt lat="21.090612" lon="105.863864"/>
      <trkpt lat="21.090374" lon="105.864084"/>
      <trkpt lat="21.090136" lon="105.864304"/>
      <trkpt lat="21.089912" lon="105.86451"/>
      <trkpt lat="21.089852" lon="105.864566"/>
      <trkpt lat="21.089693" lon="105.864719"/>
      <trkpt lat="21.089513" lon="105.864891"/>
      <trkpt lat="21.089473" lon="105.864928"/>
      <trkpt lat="21.089252" lon="105.865134"/>
      <trkpt lat="21.089155" lon="105.865353"/>
      <trkpt lat="21.089076" lon="105.865426"/>
      <trkpt lat="21.08888" lon="105.865607"/>
      <trkpt lat="21.088842" lon="105.865642"/>
      <trkpt lat="21.08863" lon="105.865837"/>
      <trkpt lat="21.088608" lon="105.865857"/>
      <trkpt lat="21.088373" lon="105.866072"/>
      <trkpt lat="21.088327" lon="105.866114"/>
      <trkpt lat="21.088146" lon="105.866281"/>
      <trkpt lat="21.08792" lon="105.866491"/>
      <trkpt lat="21.087695" lon="105.866699"/>
      <trkpt lat="21.087469" lon="105.866908"/>
      <trkpt lat="21.087407" lon="105.866966"/>
      <trkpt lat="21.087185" lon="105.867032"/>
      <trkpt lat="21.087166" lon="105.86705"/>
      <trkpt lat="21.086928" lon="105.867268"/>
      <trkpt lat="21.086723" lon="105.867456"/>
      <trkpt lat="21.086691" lon="105.867486"/>
      <trkpt lat="21.086456" lon="105.867708"/>
      <trkpt lat="21.086257" lon="105.867895"/>
      <trkpt lat="21.08623" lon="105.86792"/>
      <trkpt lat="21.086004" lon="105.868124"/>
      <trkpt lat="21.085779" lon="105.868328"/>
      <trkpt lat="21.085764" lon="105.868342"/>
      <trkpt lat="21.085556" lon="105.868535"/>
      <trkpt lat="21.085463" lon="105.868622"/>
      <trkpt lat="21.085415" lon="105.868667"/>
      <trkpt lat="21.085349" lon="105.868731"/>
      <trkpt lat="21.085335" lon="105.868745"/>
      <trkpt lat="21.085226" lon="105.86885"/>
      <trkpt lat="21.085176" lon="105.868894"/>
      <trkpt lat="21.085112" lon="105.868953"/>
      <trkpt lat="21.084952" lon="105.869102"/>
      <trkpt lat="21.084887" lon="105.869158"/>
      <trkpt lat="21.084873" lon="105.86917"/>
      <trkpt lat="21.084664" lon="105.869365"/>
      <trkpt lat="21.084611" lon="105.869414"/>
      <trkpt lat="21.084483" lon="105.869531"/>
      <trkpt lat="21.084471" lon="105.869542"/>
      <trkpt lat="21.084282" lon="105.869721"/>
      <trkpt lat="21.08422" lon="105.86978"/>
      <trkpt lat="21.084146" lon="105.869923"/>
      <trkpt lat="21.084086" lon="105.87004"/>
      <trkpt lat="21.083965" lon="105.870154"/>
      <trkpt lat="21.083908" lon="105.870208"/>
      <trkpt lat="21.083802" lon="105.870289"/>
      <trkpt lat="21.083645" lon="105.870409"/>
      <trkpt lat="21.083427" lon="105.870575"/>
      <trkpt lat="21.083259" lon="105.870703"/>
      <trkpt lat="21.083198" lon="105.870742"/>
      <trkpt lat="21.082961" lon="105.870891"/>
      <trkpt lat="21.082726" lon="105.871039"/>
      <trkpt lat="21.082653" lon="105.871085"/>
      <trkpt lat="21.0825" lon="105.871169"/>
      <trkpt lat="21.082279" lon="105.871291"/>
      <trkpt lat="21.082029" lon="105.871429"/>
      <trkpt lat="21.082018" lon="105.871435"/>
      <trkpt lat="21.081757" lon="105.871571"/>
      <trkpt lat="21.081471" lon="105.871719"/>
      <trkpt lat="21.081189" lon="105.871867"/>
      <trkpt lat="21.080907" lon="105.872013"/>
      <trkpt lat="21.080764" lon="105.872088"/>
      <trkpt lat="21.080626" lon="105.872161"/>
      <trkpt lat="21.080345" lon="105.87231"/>
      <trkpt lat="21.080069" lon="105.872456"/>
      <trkpt lat="21.079793" lon="105.872603"/>
      <trkpt lat="21.079517" lon="105.872749"/>
      <trkpt lat="21.079241" lon="105.872895"/>
      <trkpt lat="21.079018" lon="105.873013"/>
      <trkpt lat="21.078799" lon="105.873129"/>
      <trkpt lat="21.078645" lon="105.873211"/>
      <trkpt lat="21.07858" lon="105.873246"/>
      <trkpt lat="21.078344" lon="105.873371"/>
      <trkpt lat="21.078329" lon="105.873379"/>
      <trkpt lat="21.078114" lon="105.873504"/>
      <trkpt lat="21.077883" lon="105.873638"/>
      <trkpt lat="21.077688" lon="105.873751"/>
      <trkpt lat="21.077649" lon="105.873774"/>
      <trkpt lat="21.077378" lon="105.873812"/>
      <trkpt lat="21.077116" lon="105.873949"/>
      <trkpt lat="21.076857" lon="105.874084"/>
      <trkpt lat="21.076599" lon="105.874219"/>
      <trkpt lat="21.076339" lon="105.874355"/>
      <trkpt lat="21.076083" lon="105.874489"/>
      <trkpt lat="21.075943" lon="105.874562"/>
      <trkpt lat="21.075829" lon="105.874627"/>
      <trkpt lat="21.075703" lon="105.874699"/>
      <trkpt lat="21.07558" lon="105.874775"/>
      <trkpt lat="21.075418" lon="105.874877"/>
      <trkpt lat="21.075257" lon="105.874977"/>
      <trkpt lat="21.075068" lon="105.875094"/>
      <trkpt lat="21.074982" lon="105.875148"/>
      <trkpt lat="21.074882" lon="105.875215"/>
      <trkpt lat="21.074699" lon="105.875339"/>
      <trkpt lat="21.074452" lon="105.875507"/>
      <trkpt lat="21.07421" lon="105.875671"/>
      <trkpt lat="21.073976" lon="105.875829"/>
      <trkpt lat="21.073968" lon="105.875835"/>
      <trkpt lat="21.073729" lon="105.876001"/>
      <trkpt lat="21.073489" lon="105.876167"/>
      <trkpt lat="21.073248" lon="105.876334"/>
      <trkpt lat="21.073009" lon="105.876499"/>
      <trkpt lat="21.072769" lon="105.876666"/>
      <trkpt lat="21.072529" lon="105.876832"/>
      <trkpt lat="21.072321" lon="105.876976"/>
      <trkpt lat="21.072115" lon="105.877119"/>
      <trkpt lat="21.072089" lon="105.877137"/>
      <trkpt lat="21.071909" lon="105.877265"/>
      <trkpt lat="21.071681" lon="105.877427"/>
      <trkpt lat="21.071456" lon="105.877587"/>
      <trkpt lat="21.071229" lon="105.877747"/>
      <trkpt lat="21.071005" lon="105.877907"/>
      <trkpt lat="21.070779" lon="105.878067"/>
      <trkpt lat="21.07055" lon="105.87823"/>
      <trkpt lat="21.070323" lon="105.878391"/>
      <trkpt lat="21.070097" lon="105.878552"/>
      <trkpt lat="21.069871" lon="105.878712"/>
      <trkpt lat="21.069659" lon="105.878863"/>
      <trkpt lat="21.069448" lon="105.879013"/>
      <trkpt lat="21.069237" lon="105.879163"/>
      <trkpt lat="21.068989" lon="105.879339"/>
      <trkpt lat="21.068886" lon="105.879412"/>
      <trkpt lat="21.068742" lon="105.879515"/>
      <trkpt lat="21.068665" lon="105.87957"/>
      <trkpt lat="21.068561" lon="105.87964"/>
      <trkpt lat="21.068379" lon="105.879763"/>
      <trkpt lat="21.068335" lon="105.879792"/>
      <trkpt lat="21.068189" lon="105.879878"/>
      <trkpt lat="21.067998" lon="105.879991"/>
      <trkpt lat="21.067982" lon="105.880001"/>
      <trkpt lat="21.067728" lon="105.880127"/>
      <trkpt lat="21.067628" lon="105.880177"/>
      <trkpt lat="21.067455" lon="105.880249"/>
      <trkpt lat="21.067306" lon="105.880311"/>
      <trkpt lat="21.06725" lon="105.880334"/>
      <trkpt lat="21.067047" lon="105.880417"/>
      <trkpt lat="21.066904" lon="105.880476"/>
      <trkpt lat="21.066886" lon="105.880487"/>
      <trkpt lat="21.06667" lon="105.880626"/>
      <trkpt lat="21.066505" lon="105.880732"/>
      <trkpt lat="21.066426" lon="105.880758"/>
      <trkpt lat="21.066199" lon="105.880831"/>
      <trkpt lat="21.065975" lon="105.880904"/>
      <trkpt lat="21.06575" lon="105.880977"/>
      <trkpt lat="21.065462" lon="105.88107"/>
      <trkpt lat="21.065181" lon="105.881161"/>
      <trkpt lat="21.0649" lon="105.881252"/>
      <trkpt lat="21.06462" lon="105.881343"/>
      <trkpt lat="21.064578" lon="105.881357"/>
      <trkpt lat="21.064338" lon="105.881433"/>
      <trkpt lat="21.064057" lon="105.881523"/>
      <trkpt lat="21.063832" lon="105.881595"/>
      <trkpt lat="21.063609" lon="105.881665"/>
      <trkpt lat="21.063419" lon="105.881726"/>
      <trkpt lat="21.063387" lon="105.881736"/>
      <trkpt lat="21.063183" lon="105.881801"/>
      <trkpt lat="21.06298" lon="105.881866"/>
      <trkpt lat="21.062935" lon="105.88188"/>
      <trkpt lat="21.06282" lon="105.881918"/>
      <trkpt lat="21.062687" lon="105.881962"/>
      <trkpt lat="21.062543" lon="105.882009"/>
      <trkpt lat="21.062352" lon="105.881969"/>
      <trkpt lat="21.062338" lon="105.881966"/>
      <trkpt lat="21.062256" lon="105.881948"/>
      <trkpt lat="21.062205" lon="105.881928"/>
      <trkpt lat="21.062193" lon="105.881923"/>
      <trkpt lat="21.062137" lon="105.881881"/>
      <trkpt lat="21.062105" lon="105.881836"/>
      <trkpt lat="21.062101" lon="105.881826"/>
      <trkpt lat="21.062095" lon="105.881809"/>
      <trkpt lat="21.062087" lon="105.881787"/>
      <trkpt lat="21.062074" lon="105.881669"/>
      <trkpt lat="21.062094" lon="105.881624"/>
      <trkpt lat="21.062099" lon="105.881614"/>
      <trkpt lat="21.062128" lon="105.881559"/>
      <trkpt lat="21.062175" lon="105.881516"/>
      <trkpt lat="21.062237" lon="105.881489"/>
      <trkpt lat="21.062353" lon="105.881453"/>
      <trkpt lat="21.062426" lon="105.881498"/>
      <trkpt lat="21.06254" lon="105.881552"/>
      <trkpt lat="21.062657" lon="105.881608"/>
      <trkpt lat="21.062741" lon="105.881626"/>
      <trkpt lat="21.062836" lon="105.881632"/>
      <trkpt lat="21.062932" lon="105.88163"/>
      <trkpt lat="21.063001" lon="105.881622"/>
      <trkpt lat="21.063077" lon="105.881613"/>
      <trkpt lat="21.063159" lon="105.881593"/>
      <trkpt lat="21.063279" lon="105.881564"/>
      <trkpt lat="21.063317" lon="105.881551"/>
      <trkpt lat="21.0634" lon="105.881523"/>
      <trkpt lat="21.063515" lon="105.881484"/>
      <trkpt lat="21.063711" lon="105.881418"/>
      <trkpt lat="21.063727" lon="105.881413"/>
      <trkpt lat="21.063754" lon="105.881403"/>
      <trkpt lat="21.063814" lon="105.881386"/>
      <trkpt lat="21.064037" lon="105.881321"/>
      <trkpt lat="21.064046" lon="105.881318"/>
      <trkpt lat="21.064298" lon="105.881244"/>
      <trkpt lat="21.064465" lon="105.881195"/>
      <trkpt lat="21.064498" lon="105.881185"/>
      <trkpt lat="21.064532" lon="105.881175"/>
      <trkpt lat="21.064631" lon="105.881145"/>
      <trkpt lat="21.064925" lon="105.881056"/>
      <trkpt lat="21.065112" lon="105.880999"/>
      <trkpt lat="21.065153" lon="105.880986"/>
      <trkpt lat="21.065215" lon="105.880965"/>
      <trkpt lat="21.065504" lon="105.880866"/>
      <trkpt lat="21.065697" lon="105.8808"/>
      <trkpt lat="21.065796" lon="105.880771"/>
      <trkpt lat="21.066084" lon="105.880685"/>
      <trkpt lat="21.066233" lon="105.88064"/>
      <trkpt lat="21.066369" lon="105.880592"/>
      <trkpt lat="21.066654" lon="105.880491"/>
      <trkpt lat="21.066842" lon="105.880425"/>
      <trkpt lat="21.066884" lon="105.88041"/>
      <trkpt lat="21.067023" lon="105.880348"/>
      <trkpt lat="21.067218" lon="105.880261"/>
      <trkpt lat="21.06741" lon="105.880175"/>
      <trkpt lat="21.067515" lon="105.880128"/>
      <trkpt lat="21.067607" lon="105.880083"/>
      <trkpt lat="21.067802" lon="105.879988"/>
      <trkpt lat="21.068053" lon="105.879866"/>
      <trkpt lat="21.068083" lon="105.879848"/>
      <trkpt lat="21.068336" lon="105.879695"/>
      <trkpt lat="21.068352" lon="105.879685"/>
      <trkpt lat="21.068555" lon="105.879562"/>
      <trkpt lat="21.068743" lon="105.879436"/>
      <trkpt lat="21.068772" lon="105.879417"/>
      <trkpt lat="21.068867" lon="105.87935"/>
      <trkpt lat="21.068932" lon="105.879304"/>
      <trkpt lat="21.06897" lon="105.879277"/>
      <trkpt lat="21.069137" lon="105.879172"/>
      <trkpt lat="21.069206" lon="105.879342"/>
      <trkpt lat="21.069315" lon="105.879607"/>
      <trkpt lat="21.069358" lon="105.879712"/>
      <trkpt lat="21.069409" lon="105.87973"/>
      <trkpt lat="21.069458" lon="105.87976"/>
      <trkpt lat="21.069466" lon="105.879767"/>
      <trkpt lat="21.069506" lon="105.879802"/>
      <trkpt lat="21.069612" lon="105.879922"/>
      <trkpt lat="21.069704" lon="105.880027"/>
      <trkpt lat="21.069752" lon="105.880082"/>
      <trkpt lat="21.069874" lon="105.880219"/>
      <trkpt lat="21.069995" lon="105.880356"/>
      <trkpt lat="21.070036" lon="105.880403"/>
      <trkpt lat="21.070128" lon="105.880621"/>
      <trkpt lat="21.07021" lon="105.880816"/>
      <trkpt lat="21.070214" lon="105.880825"/>
      <trkpt lat="21.070315" lon="105.881062"/>
      <trkpt lat="21.070408" lon="105.881283"/>
      <trkpt lat="21.070419" lon="105.881309"/>
      <trkpt lat="21.070478" lon="105.881448"/>
      <trkpt lat="21.070523" lon="105.881555"/>
      <trkpt lat="21.070616" lon="105.881776"/>
      <trkpt lat="21.070627" lon="105.881801"/>
      <trkpt lat="21.070747" lon="105.882085"/>
      <trkpt lat="21.070867" lon="105.88237"/>
      <trkpt lat="21.070987" lon="105.882654"/>
      <trkpt lat="21.071107" lon="105.882938"/>
      <trkpt lat="21.071227" lon="105.883222"/>
      <trkpt lat="21.071343" lon="105.883498"/>
      <trkpt lat="21.071444" lon="105.883737"/>
      <trkpt lat="21.071459" lon="105.883773"/>
      <trkpt lat="21.071489" lon="105.883842"/>
      <trkpt lat="21.071576" lon="105.884049"/>
      <trkpt lat="21.071693" lon="105.884325"/>
      <trkpt lat="21.071809" lon="105.884601"/>
      <trkpt lat="21.071926" lon="105.884877"/>
      <trkpt lat="21.07204" lon="105.885147"/>
      <trkpt lat="21.072145" lon="105.885396"/>
      <trkpt lat="21.072154" lon="105.885417"/>
      <trkpt lat="21.072167" lon="105.885448"/>
      <trkpt lat="21.072268" lon="105.885688"/>
      <trkpt lat="21.07235" lon="105.885881"/>
      <trkpt lat="21.072386" lon="105.885969"/>
      <trkpt lat="21.072501" lon="105.886251"/>
      <trkpt lat="21.072581" lon="105.886448"/>
      <trkpt lat="21.072615" lon="105.886533"/>
      <trkpt lat="21.072619" lon="105.886543"/>
      <trkpt lat="21.072651" lon="105.886639"/>
      <trkpt lat="21.072672" lon="105.886722"/>
      <trkpt lat="21.072681" lon="105.886764"/>
      <trkpt lat="21.07269" lon="105.886808"/>
      <trkpt lat="21.072712" lon="105.88689"/>
      <trkpt lat="21.072737" lon="105.886966"/>
      <trkpt lat="21.072744" lon="105.886981"/>
      <trkpt lat="21.072773" lon="105.887049"/>
      <trkpt lat="21.072831" lon="105.887155"/>
      <trkpt lat="21.072926" lon="105.887329"/>
      <trkpt lat="21.072937" lon="105.887349"/>
      <trkpt lat="21.072987" lon="105.887436"/>
      <trkpt lat="21.073037" lon="105.887522"/>
      <trkpt lat="21.073078" lon="105.8876"/>
      <trkpt lat="21.07309" lon="105.887622"/>
      <trkpt lat="21.073116" lon="105.887675"/>
      <trkpt lat="21.073204" lon="105.887874"/>
      <trkpt lat="21.07321" lon="105.887888"/>
      <trkpt lat="21.073308" lon="105.888108"/>
      <trkpt lat="21.073338" lon="105.888175"/>
      <trkpt lat="21.073445" lon="105.888419"/>
      <trkpt lat="21.073465" lon="105.888463"/>
      <trkpt lat="21.073592" lon="105.888751"/>
      <trkpt lat="21.073641" lon="105.88886"/>
      <trkpt lat="21.073656" lon="105.888894"/>
      <trkpt lat="21.073691" lon="105.888971"/>
      <trkpt lat="21.07372" lon="105.889038"/>
      <trkpt lat="21.073834" lon="105.889299"/>
      <trkpt lat="21.073846" lon="105.889327"/>
      <trkpt lat="21.073971" lon="105.889615"/>
      <trkpt lat="21.074096" lon="105.889903"/>
      <trkpt lat="21.074222" lon="105.890192"/>
      <trkpt lat="21.074348" lon="105.89048"/>
      <trkpt lat="21.074473" lon="105.890769"/>
      <trkpt lat="21.074598" lon="105.891057"/>
      <trkpt lat="21.074633" lon="105.891137"/>
      <trkpt lat="21.074729" lon="105.891348"/>
      <trkpt lat="21.074848" lon="105.89161"/>
      <trkpt lat="21.074861" lon="105.891638"/>
      <trkpt lat="21.074901" lon="105.891727"/>
      <trkpt lat="21.074921" lon="105.891772"/>
      <trkpt lat="21.074994" lon="105.891928"/>
      <trkpt lat="21.075129" lon="105.892217"/>
      <trkpt lat="21.075263" lon="105.892505"/>
      <trkpt lat="21.075294" lon="105.89257"/>
      <trkpt lat="21.075356" lon="105.892709"/>
      <trkpt lat="21.075394" lon="105.892796"/>
      <trkpt lat="21.075452" lon="105.892927"/>
      <trkpt lat="21.075474" lon="105.892978"/>
      <trkpt lat="21.075511" lon="105.893064"/>
      <trkpt lat="21.075551" lon="105.893163"/>
      <trkpt lat="21.075629" lon="105.893356"/>
      <trkpt lat="21.075706" lon="105.893548"/>
      <trkpt lat="21.07581" lon="105.893807"/>
      <trkpt lat="21.075829" lon="105.893853"/>
      <trkpt lat="21.075919" lon="105.894063"/>
      <trkpt lat="21.076028" lon="105.89432"/>
      <trkpt lat="21.076138" lon="105.894577"/>
      <trkpt lat="21.076185" lon="105.894687"/>
      <trkpt lat="21.076243" lon="105.894832"/>
      <trkpt lat="21.076185" lon="105.894687"/>
      <trkpt lat="21.076139" lon="105.894579"/>
      <trkpt lat="21.076029" lon="105.894322"/>
      <trkpt lat="21.075919" lon="105.894063"/>
      <trkpt lat="21.075829" lon="105.893853"/>
      <trkpt lat="21.07581" lon="105.893805"/>
      <trkpt lat="21.075705" lon="105.893545"/>
      <trkpt lat="21.075627" lon="105.893353"/>
      <trkpt lat="21.07555" lon="105.89316"/>
      <trkpt lat="21.075511" lon="105.893064"/>
      <trkpt lat="21.075473" lon="105.892976"/>
      <trkpt lat="21.075452" lon="105.892927"/>
      <trkpt lat="21.075393" lon="105.892793"/>
      <trkpt lat="21.075356" lon="105.892709"/>
      <trkpt lat="21.075294" lon="105.89257"/>
      <trkpt lat="21.075261" lon="105.8925"/>
      <trkpt lat="21.075125" lon="105.892209"/>
      <trkpt lat="21.074989" lon="105.891917"/>
      <trkpt lat="21.074921" lon="105.891772"/>
      <trkpt lat="21.074901" lon="105.891727"/>
      <trkpt lat="21.074854" lon="105.891624"/>
      <trkpt lat="21.074848" lon="105.89161"/>
      <trkpt lat="21.074722" lon="105.891332"/>
      <trkpt lat="21.074633" lon="105.891137"/>
      <trkpt lat="21.07459" lon="105.891038"/>
      <trkpt lat="21.074466" lon="105.890752"/>
      <trkpt lat="21.074341" lon="105.890465"/>
      <trkpt lat="21.074216" lon="105.890178"/>
      <trkpt lat="21.074092" lon="105.889892"/>
      <trkpt lat="21.073967" lon="105.889605"/>
      <trkpt lat="21.073843" lon="105.889319"/>
      <trkpt lat="21.073834" lon="105.889299"/>
      <trkpt lat="21.073718" lon="105.889032"/>
      <trkpt lat="21.073691" lon="105.888971"/>
      <trkpt lat="21.073656" lon="105.888894"/>
      <trkpt lat="21.073641" lon="105.88886"/>
      <trkpt lat="21.073591" lon="105.888747"/>
      <trkpt lat="21.073464" lon="105.888461"/>
      <trkpt lat="21.073445" lon="105.888419"/>
      <trkpt lat="21.073338" lon="105.888175"/>
      <trkpt lat="21.073308" lon="105.888108"/>
      <trkpt lat="21.073211" lon="105.88789"/>
      <trkpt lat="21.073204" lon="105.887874"/>
      <trkpt lat="21.073116" lon="105.887675"/>
      <trkpt lat="21.07309" lon="105.887622"/>
      <trkpt lat="21.073082" lon="105.887607"/>
      <trkpt lat="21.073037" lon="105.887522"/>
      <trkpt lat="21.072987" lon="105.887436"/>
      <trkpt lat="21.072937" lon="105.887349"/>
      <trkpt lat="21.072931" lon="105.887338"/>
      <trkpt lat="21.072835" lon="105.887163"/>
      <trkpt lat="21.072773" lon="105.887049"/>
      <trkpt lat="21.072744" lon="105.886983"/>
      <trkpt lat="21.072737" lon="105.886966"/>
      <trkpt lat="21.072712" lon="105.88689"/>
      <trkpt lat="21.07269" lon="105.886808"/>
      <trkpt lat="21.072676" lon="105.886739"/>
      <trkpt lat="21.072672" lon="105.886722"/>
      <trkpt lat="21.072651" lon="105.886639"/>
      <trkpt lat="21.072619" lon="105.886543"/>
      <trkpt lat="21.072603" lon="105.886502"/>
      <trkpt lat="21.072581" lon="105.886448"/>
      <trkpt lat="21.072481" lon="105.886202"/>
      <trkpt lat="21.072358" lon="105.885901"/>
      <trkpt lat="21.07235" lon="105.885881"/>
      <trkpt lat="21.072232" lon="105.885601"/>
      <trkpt lat="21.072167" lon="105.885448"/>
      <trkpt lat="21.072145" lon="105.885396"/>
      <trkpt lat="21.072106" lon="105.885303"/>
      <trkpt lat="21.071979" lon="105.885003"/>
      <trkpt lat="21.071853" lon="105.884704"/>
      <trkpt lat="21.071726" lon="105.884405"/>
      <trkpt lat="21.0716" lon="105.884105"/>
      <trkpt lat="21.071489" lon="105.883842"/>
      <trkpt lat="21.071474" lon="105.883806"/>
      <trkpt lat="21.071444" lon="105.883737"/>
      <trkpt lat="21.071347" lon="105.883507"/>
      <trkpt lat="21.07122" lon="105.883207"/>
      <trkpt lat="21.071094" lon="105.882908"/>
      <trkpt lat="21.070968" lon="105.88261"/>
      <trkpt lat="21.070841" lon="105.88231"/>
      <trkpt lat="21.070713" lon="105.882005"/>
      <trkpt lat="21.070616" lon="105.881776"/>
      <trkpt lat="21.070584" lon="105.8817"/>
      <trkpt lat="21.070478" lon="105.881448"/>
      <trkpt lat="21.070455" lon="105.881394"/>
      <trkpt lat="21.070408" lon="105.881283"/>
      <trkpt lat="21.070326" lon="105.881089"/>
      <trkpt lat="21.070214" lon="105.880825"/>
      <trkpt lat="21.070196" lon="105.880783"/>
      <trkpt lat="21.070067" lon="105.880477"/>
      <trkpt lat="21.070036" lon="105.880403"/>
      <trkpt lat="21.06994" lon="105.880171"/>
      <trkpt lat="21.069883" lon="105.880035"/>
      <trkpt lat="21.069812" lon="105.879864"/>
      <trkpt lat="21.069685" lon="105.879558"/>
      <trkpt lat="21.069557" lon="105.879252"/>
      <trkpt lat="21.069429" lon="105.878945"/>
      <trkpt lat="21.069302" lon="105.878639"/>
      <trkpt lat="21.069219" lon="105.87844"/>
      <trkpt lat="21.069175" lon="105.878332"/>
      <trkpt lat="21.069089" lon="105.878122"/>
      <trkpt lat="21.069086" lon="105.878114"/>
      <trkpt lat="21.06905" lon="105.878024"/>
      <trkpt lat="21.069009" lon="105.877924"/>
      <trkpt lat="21.068959" lon="105.877801"/>
      <trkpt lat="21.068868" lon="105.877578"/>
      <trkpt lat="21.068823" lon="105.877467"/>
      <trkpt lat="21.068753" lon="105.877294"/>
      <trkpt lat="21.068668" lon="105.877085"/>
      <trkpt lat="21.068582" lon="105.876875"/>
      <trkpt lat="21.068541" lon="105.876774"/>
      <trkpt lat="21.068484" lon="105.876616"/>
      <trkpt lat="21.068436" lon="105.87647"/>
      <trkpt lat="21.0684" lon="105.876368"/>
      <trkpt lat="21.068292" lon="105.876061"/>
      <trkpt lat="21.068184" lon="105.875753"/>
      <trkpt lat="21.068111" lon="105.875546"/>
      <trkpt lat="21.068076" lon="105.875446"/>
      <trkpt lat="21.067967" lon="105.875141"/>
      <trkpt lat="21.067913" lon="105.87499"/>
      <trkpt lat="21.067886" lon="105.874917"/>
      <trkpt lat="21.067811" lon="105.874713"/>
      <trkpt lat="21.067804" lon="105.874693"/>
      <trkpt lat="21.067724" lon="105.874468"/>
      <trkpt lat="21.067715" lon="105.874443"/>
      <trkpt lat="21.067629" lon="105.87423"/>
      <trkpt lat="21.067534" lon="105.873992"/>
      <trkpt lat="21.067521" lon="105.87396"/>
      <trkpt lat="21.067464" lon="105.87381"/>
      <trkpt lat="21.067391" lon="105.87362"/>
      <trkpt lat="21.067279" lon="105.873373"/>
      <trkpt lat="21.067263" lon="105.873339"/>
      <trkpt lat="21.067237" lon="105.873271"/>
      <trkpt lat="21.067213" lon="105.873191"/>
      <trkpt lat="21.06718" lon="105.873016"/>
      <trkpt lat="21.067175" lon="105.872992"/>
      <trkpt lat="21.067146" lon="105.872873"/>
      <trkpt lat="21.067142" lon="105.872855"/>
      <trkpt lat="21.067102" lon="105.872722"/>
      <trkpt lat="21.067039" lon="105.872565"/>
      <trkpt lat="21.06697" lon="105.872392"/>
      <trkpt lat="21.066902" lon="105.87222"/>
      <trkpt lat="21.066789" lon="105.871938"/>
      <trkpt lat="21.066769" lon="105.871887"/>
      <trkpt lat="21.066691" lon="105.871716"/>
      <trkpt lat="21.066637" lon="105.871599"/>
      <trkpt lat="21.066589" lon="105.871496"/>
      <trkpt lat="21.066564" lon="105.871441"/>
      <trkpt lat="21.066487" lon="105.871275"/>
      <trkpt lat="21.066369" lon="105.871024"/>
      <trkpt lat="21.066323" lon="105.870928"/>
      <trkpt lat="21.066251" lon="105.870774"/>
      <trkpt lat="21.06624" lon="105.87075"/>
      <trkpt lat="21.066159" lon="105.870593"/>
      <trkpt lat="21.066148" lon="105.870571"/>
      <trkpt lat="21.066069" lon="105.87041"/>
      <trkpt lat="21.066063" lon="105.870397"/>
      <trkpt lat="21.06593" lon="105.870166"/>
      <trkpt lat="21.065788" lon="105.869921"/>
      <trkpt lat="21.065664" lon="105.869704"/>
      <trkpt lat="21.06554" lon="105.86949"/>
      <trkpt lat="21.065459" lon="105.869349"/>
      <trkpt lat="21.065415" lon="105.869275"/>
      <trkpt lat="21.065288" lon="105.86906"/>
      <trkpt lat="21.065168" lon="105.868858"/>
      <trkpt lat="21.065077" lon="105.868704"/>
      <trkpt lat="21.065048" lon="105.868657"/>
      <trkpt lat="21.064959" lon="105.868517"/>
      <trkpt lat="21.064925" lon="105.868457"/>
      <trkpt lat="21.064809" lon="105.868248"/>
      <trkpt lat="21.064693" lon="105.86804"/>
      <trkpt lat="21.064568" lon="105.867816"/>
      <trkpt lat="21.064536" lon="105.867767"/>
      <trkpt lat="21.064443" lon="105.867623"/>
      <trkpt lat="21.06435" lon="105.867479"/>
      <trkpt lat="21.064254" lon="105.867331"/>
      <trkpt lat="21.064243" lon="105.867313"/>
      <trkpt lat="21.064143" lon="105.867143"/>
      <trkpt lat="21.064071" lon="105.867021"/>
      <trkpt lat="21.063987" lon="105.866867"/>
      <trkpt lat="21.06396" lon="105.866819"/>
      <trkpt lat="21.063831" lon="105.86659"/>
      <trkpt lat="21.063676" lon="105.866314"/>
      <trkpt lat="21.063648" lon="105.866264"/>
      <trkpt lat="21.063532" lon="105.866054"/>
      <trkpt lat="21.063452" lon="105.865907"/>
      <trkpt lat="21.063423" lon="105.865853"/>
      <trkpt lat="21.06339" lon="105.865793"/>
      <trkpt lat="21.063377" lon="105.865769"/>
      <trkpt lat="21.063265" lon="105.865563"/>
      <trkpt lat="21.063249" lon="105.865533"/>
      <trkpt lat="21.063107" lon="105.865273"/>
      <trkpt lat="21.062997" lon="105.865071"/>
      <trkpt lat="21.062888" lon="105.86487"/>
      <trkpt lat="21.062779" lon="105.86467"/>
      <trkpt lat="21.062773" lon="105.864659"/>
      <trkpt lat="21.062653" lon="105.864426"/>
      <trkpt lat="21.062575" lon="105.864273"/>
      <trkpt lat="21.062531" lon="105.864181"/>
      <trkpt lat="21.062455" lon="105.864023"/>
      <trkpt lat="21.06239" lon="105.863888"/>
      <trkpt lat="21.062362" lon="105.863822"/>
      <trkpt lat="21.062276" lon="105.863617"/>
      <trkpt lat="21.062175" lon="105.863379"/>
      <trkpt lat="21.062075" lon="105.863141"/>
      <trkpt lat="21.061978" lon="105.862913"/>
      <trkpt lat="21.061974" lon="105.862903"/>
      <trkpt lat="21.06193" lon="105.862797"/>
      <trkpt lat="21.06189" lon="105.862699"/>
      <trkpt lat="21.061874" lon="105.862664"/>
      <trkpt lat="21.06185" lon="105.862612"/>
      <trkpt lat="21.061821" lon="105.862557"/>
      <trkpt lat="21.06179" lon="105.862513"/>
      <trkpt lat="21.061756" lon="105.862479"/>
      <trkpt lat="21.061714" lon="105.862455"/>
      <trkpt lat="21.06166" lon="105.862444"/>
      <trkpt lat="21.061604" lon="105.862445"/>
      <trkpt lat="21.061589" lon="105.86245"/>
      <trkpt lat="21.061544" lon="105.862465"/>
      <trkpt lat="21.061483" lon="105.862496"/>
      <trkpt lat="21.061354" lon="105.86259"/>
      <trkpt lat="21.061343" lon="105.862598"/>
      <trkpt lat="21.061286" lon="105.862637"/>
      <trkpt lat="21.061143" lon="105.862736"/>
      <trkpt lat="21.060936" lon="105.862879"/>
      <trkpt lat="21.060728" lon="105.863023"/>
      <trkpt lat="21.060521" lon="105.863167"/>
      <trkpt lat="21.060288" lon="105.863328"/>
      <trkpt lat="21.060058" lon="105.863487"/>
      <trkpt lat="21.059924" lon="105.86358"/>
      <trkpt lat="21.05983" lon="105.863646"/>
      <trkpt lat="21.059817" lon="105.863655"/>
      <trkpt lat="21.059601" lon="105.863806"/>
      <trkpt lat="21.059372" lon="105.863966"/>
      <trkpt lat="21.059124" lon="105.86414"/>
      <trkpt lat="21.058943" lon="105.864266"/>
      <trkpt lat="21.058878" lon="105.864313"/>
      <trkpt lat="21.058634" lon="105.864488"/>
      <trkpt lat="21.0584" lon="105.864657"/>
      <trkpt lat="21.058168" lon="105.864824"/>
      <trkpt lat="21.057934" lon="105.864986"/>
      <trkpt lat="21.0577" lon="105.865148"/>
      <trkpt lat="21.057466" lon="105.86531"/>
      <trkpt lat="21.057212" lon="105.865485"/>
      <trkpt lat="21.057006" lon="105.865628"/>
      <trkpt lat="21.056958" lon="105.865659"/>
      <trkpt lat="21.056936" lon="105.865673"/>
      <trkpt lat="21.056883" lon="105.865705"/>
      <trkpt lat="21.056871" lon="105.865713"/>
      <trkpt lat="21.056696" lon="105.865814"/>
      <trkpt lat="21.056494" lon="105.865931"/>
      <trkpt lat="21.056367" lon="105.866004"/>
      <trkpt lat="21.056265" lon="105.866036"/>
      <trkpt lat="21.056175" lon="105.866043"/>
      <trkpt lat="21.056113" lon="105.866034"/>
      <trkpt lat="21.056097" lon="105.866032"/>
      <trkpt lat="21.056021" lon="105.865995"/>
      <trkpt lat="21.05595" lon="105.865941"/>
      <trkpt lat="21.055928" lon="105.865924"/>
      <trkpt lat="21.055805" lon="105.86579"/>
      <trkpt lat="21.055596" lon="105.865562"/>
      <trkpt lat="21.055565" lon="105.865529"/>
      <trkpt lat="21.055495" lon="105.865457"/>
      <trkpt lat="21.055442" lon="105.865412"/>
      <trkpt lat="21.055429" lon="105.865401"/>
      <trkpt lat="21.055329" lon="105.865325"/>
      <trkpt lat="21.05526" lon="105.865281"/>
      <trkpt lat="21.055193" lon="105.865237"/>
      <trkpt lat="21.05512" lon="105.865198"/>
      <trkpt lat="21.054917" lon="105.865091"/>
      <trkpt lat="21.054717" lon="105.864986"/>
      <trkpt lat="21.054516" lon="105.864879"/>
      <trkpt lat="21.05431" lon="105.86477"/>
      <trkpt lat="21.054106" lon="105.864663"/>
      <trkpt lat="21.053938" lon="105.864574"/>
      <trkpt lat="21.053904" lon="105.86455"/>
      <trkpt lat="21.053858" lon="105.864519"/>
      <trkpt lat="21.053712" lon="105.86442"/>
      <trkpt lat="21.053522" lon="105.864293"/>
      <trkpt lat="21.053337" lon="105.864168"/>
      <trkpt lat="21.053304" lon="105.864146"/>
      <trkpt lat="21.053088" lon="105.864004"/>
      <trkpt lat="21.052872" lon="105.863862"/>
      <trkpt lat="21.052799" lon="105.863814"/>
      <trkpt lat="21.052686" lon="105.863741"/>
      <trkpt lat="21.052566" lon="105.863669"/>
      <trkpt lat="21.052495" lon="105.863643"/>
      <trkpt lat="21.052485" lon="105.863639"/>
      <trkpt lat="21.052405" lon="105.863628"/>
      <trkpt lat="21.052323" lon="105.863631"/>
      <trkpt lat="21.052313" lon="105.863633"/>
      <trkpt lat="21.052145" lon="105.863674"/>
      <trkpt lat="21.051956" lon="105.863719"/>
      <trkpt lat="21.05186" lon="105.863742"/>
      <trkpt lat="21.051634" lon="105.863797"/>
      <trkpt lat="21.051421" lon="105.863848"/>
      <trkpt lat="21.051327" lon="105.863871"/>
      <trkpt lat="21.051206" lon="105.863888"/>
      <trkpt lat="21.051056" lon="105.86391"/>
      <trkpt lat="21.051027" lon="105.863921"/>
      <trkpt lat="21.05097" lon="105.863942"/>
      <trkpt lat="21.050887" lon="105.863987"/>
      <trkpt lat="21.050859" lon="105.864027"/>
      <trkpt lat="21.050824" lon="105.864076"/>
      <trkpt lat="21.05077" lon="105.864177"/>
      <trkpt lat="21.050682" lon="105.864376"/>
      <trkpt lat="21.050648" lon="105.864412"/>
      <trkpt lat="21.050582" lon="105.864479"/>
      <trkpt lat="21.050557" lon="105.864505"/>
      <trkpt lat="21.050457" lon="105.864592"/>
      <trkpt lat="21.050445" lon="105.864603"/>
      <trkpt lat="21.050323" lon="105.864693"/>
      <trkpt lat="21.050196" lon="105.864768"/>
      <trkpt lat="21.050075" lon="105.864817"/>
      <trkpt lat="21.050021" lon="105.864838"/>
      <trkpt lat="21.049878" lon="105.864879"/>
      <trkpt lat="21.049793" lon="105.864903"/>
      <trkpt lat="21.049621" lon="105.864946"/>
      <trkpt lat="21.049367" lon="105.865009"/>
      <trkpt lat="21.049221" lon="105.865045"/>
      <trkpt lat="21.049114" lon="105.865072"/>
      <trkpt lat="21.04886" lon="105.865136"/>
      <trkpt lat="21.04864" lon="105.865191"/>
      <trkpt lat="21.048423" lon="105.865246"/>
      <trkpt lat="21.048208" lon="105.8653"/>
      <trkpt lat="21.047945" lon="105.865371"/>
      <trkpt lat="21.047686" lon="105.86544"/>
      <trkpt lat="21.047603" lon="105.865462"/>
      <trkpt lat="21.047455" lon="105.865524"/>
      <trkpt lat="21.047426" lon="105.865527"/>
      <trkpt lat="21.047385" lon="105.865531"/>
      <trkpt lat="21.047333" lon="105.865529"/>
      <trkpt lat="21.0473" lon="105.865526"/>
      <trkpt lat="21.047263" lon="105.865514"/>
      <trkpt lat="21.047205" lon="105.865494"/>
      <trkpt lat="21.047086" lon="105.865443"/>
      <trkpt lat="21.04701" lon="105.865411"/>
      <trkpt lat="21.046903" lon="105.865348"/>
      <trkpt lat="21.046831" lon="105.865305"/>
      <trkpt lat="21.046732" lon="105.865264"/>
      <trkpt lat="21.046673" lon="105.86524"/>
      <trkpt lat="21.046588" lon="105.865228"/>
      <trkpt lat="21.046488" lon="105.865214"/>
      <trkpt lat="21.046304" lon="105.865222"/>
      <trkpt lat="21.046288" lon="105.865226"/>
      <trkpt lat="21.046197" lon="105.86525"/>
      <trkpt lat="21.04609" lon="105.865288"/>
      <trkpt lat="21.046063" lon="105.865301"/>
      <trkpt lat="21.045932" lon="105.865364"/>
      <trkpt lat="21.045887" lon="105.865385"/>
      <trkpt lat="21.045653" lon="105.865502"/>
      <trkpt lat="21.04557" lon="105.865546"/>
      <trkpt lat="21.045628" lon="105.865606"/>
      <trkpt lat="21.045737" lon="105.865718"/>
      <trkpt lat="21.045923" lon="105.865907"/>
      <trkpt lat="21.046096" lon="105.866085"/>
      <trkpt lat="21.046109" lon="105.865979"/>
      <trkpt lat="21.046119" lon="105.865892"/>
      <trkpt lat="21.046108" lon="105.865822"/>
      <trkpt lat="21.046103" lon="105.865801"/>
      <trkpt lat="21.046084" lon="105.865718"/>
      <trkpt lat="21.046031" lon="105.865583"/>
      <trkpt lat="21.045949" lon="105.865373"/>
      <trkpt lat="21.045831" lon="105.865073"/>
      <trkpt lat="21.045713" lon="105.86477"/>
      <trkpt lat="21.045594" lon="105.864467"/>
      <trkpt lat="21.045476" lon="105.864164"/>
      <trkpt lat="21.045357" lon="105.863862"/>
      <trkpt lat="21.045238" lon="105.863558"/>
      <trkpt lat="21.04512" lon="105.863256"/>
      <trkpt lat="21.045001" lon="105.862953"/>
      <trkpt lat="21.044883" lon="105.86265"/>
      <trkpt lat="21.044764" lon="105.862347"/>
      <trkpt lat="21.044645" lon="105.862044"/>
      <trkpt lat="21.044527" lon="105.861742"/>
      <trkpt lat="21.044408" lon="105.861439"/>
      <trkpt lat="21.04429" lon="105.861136"/>
      <trkpt lat="21.044171" lon="105.860833"/>
      <trkpt lat="21.044052" lon="105.86053"/>
      <trkpt lat="21.043934" lon="105.860227"/>
      <trkpt lat="21.043815" lon="105.859925"/>
      <trkpt lat="21.043697" lon="105.859622"/>
      <trkpt lat="21.043578" lon="105.859319"/>
      <trkpt lat="21.043459" lon="105.859016"/>
      <trkpt lat="21.043341" lon="105.858713"/>
      <trkpt lat="21.043235" lon="105.858444"/>
      <trkpt lat="21.04313" lon="105.858174"/>
      <trkpt lat="21.043024" lon="105.857904"/>
      <trkpt lat="21.042918" lon="105.857634"/>
      <trkpt lat="21.042813" lon="105.857365"/>
      <trkpt lat="21.042706" lon="105.857092"/>
      <trkpt lat="21.042599" lon="105.85682"/>
      <trkpt lat="21.042492" lon="105.856547"/>
      <trkpt lat="21.042386" lon="105.856274"/>
      <trkpt lat="21.042279" lon="105.856002"/>
      <trkpt lat="21.042179" lon="105.855748"/>
      <trkpt lat="21.04208" lon="105.855495"/>
      <trkpt lat="21.041981" lon="105.855241"/>
      <trkpt lat="21.041882" lon="105.854987"/>
      <trkpt lat="21.041774" lon="105.854712"/>
      <trkpt lat="21.041665" lon="105.854435"/>
      <trkpt lat="21.041557" lon="105.854159"/>
      <trkpt lat="21.041449" lon="105.853883"/>
      <trkpt lat="21.041341" lon="105.853607"/>
      <trkpt lat="21.041233" lon="105.853331"/>
      <trkpt lat="21.041125" lon="105.853054"/>
      <trkpt lat="21.041017" lon="105.852778"/>
      <trkpt lat="21.04091" lon="105.852506"/>
      <trkpt lat="21.040803" lon="105.852233"/>
      <trkpt lat="21.040696" lon="105.85196"/>
      <trkpt lat="21.040589" lon="105.851686"/>
      <trkpt lat="21.040482" lon="105.851413"/>
      <trkpt lat="21.040375" lon="105.85114"/>
      <trkpt lat="21.040267" lon="105.850865"/>
      <trkpt lat="21.040201" lon="105.850696"/>
      <trkpt lat="21.040158" lon="105.850591"/>
      <trkpt lat="21.040057" lon="105.850344"/>
      <trkpt lat="21.040017" lon="105.85031"/>
      <trkpt lat="21.039988" lon="105.850287"/>
      <trkpt lat="21.039966" lon="105.850286"/>
      <trkpt lat="21.039937" lon="105.850287"/>
      <trkpt lat="21.039917" lon="105.850293"/>
      <trkpt lat="21.039772" lon="105.85035"/>
      <trkpt lat="21.039691" lon="105.850398"/>
      <trkpt lat="21.039618" lon="105.850462"/>
      <trkpt lat="21.039564" lon="105.850529"/>
      <trkpt lat="21.039524" lon="105.850595"/>
      <trkpt lat="21.039502" lon="105.850648"/>
      <trkpt lat="21.039495" lon="105.850678"/>
      <trkpt lat="21.039486" lon="105.850722"/>
      <trkpt lat="21.039482" lon="105.850781"/>
      <trkpt lat="21.039485" lon="105.850837"/>
      <trkpt lat="21.039488" lon="105.850852"/>
      <trkpt lat="21.039492" lon="105.850871"/>
      <trkpt lat="21.039505" lon="105.850898"/>
      <trkpt lat="21.039529" lon="105.850928"/>
      <trkpt lat="21.039561" lon="105.85096"/>
      <trkpt lat="21.03963" lon="105.85103"/>
      <trkpt lat="21.039548" lon="105.851103"/>
      <trkpt lat="21.039479" lon="105.851163"/>
      <trkpt lat="21.03938" lon="105.851243"/>
      <trkpt lat="21.039353" lon="105.851265"/>
      <trkpt lat="21.039282" lon="105.851322"/>
      <trkpt lat="21.03921" lon="105.851381"/>
      <trkpt lat="21.039035" lon="105.851524"/>
      <trkpt lat="21.03901" lon="105.851547"/>
      <trkpt lat="21.038968" lon="105.851586"/>
      <trkpt lat="21.038815" lon="105.851724"/>
      <trkpt lat="21.038776" lon="105.851759"/>
      <trkpt lat="21.038622" lon="105.8519"/>
      <trkpt lat="21.03857" lon="105.851947"/>
      <trkpt lat="21.038423" lon="105.852074"/>
      <trkpt lat="21.038224" lon="105.852246"/>
      <trkpt lat="21.037998" lon="105.852442"/>
      <trkpt lat="21.037922" lon="105.852507"/>
      <trkpt lat="21.037829" lon="105.852588"/>
      <trkpt lat="21.037661" lon="105.852733"/>
      <trkpt lat="21.037503" lon="105.85287"/>
      <trkpt lat="21.037493" lon="105.852878"/>
      <trkpt lat="21.037331" lon="105.853015"/>
      <trkpt lat="21.037179" lon="105.853143"/>
      <trkpt lat="21.037167" lon="105.853153"/>
      <trkpt lat="21.037035" lon="105.853258"/>
      <trkpt lat="21.036969" lon="105.853277"/>
      <trkpt lat="21.036938" lon="105.853297"/>
      <trkpt lat="21.036791" lon="105.853392"/>
      <trkpt lat="21.036758" lon="105.853413"/>
      <trkpt lat="21.036713" lon="105.853441"/>
      <trkpt lat="21.036627" lon="105.853504"/>
      <trkpt lat="21.036563" lon="105.85355"/>
      <trkpt lat="21.036443" lon="105.853635"/>
      <trkpt lat="21.036339" lon="105.853716"/>
      <trkpt lat="21.036259" lon="105.853779"/>
      <trkpt lat="21.036111" lon="105.853905"/>
      <trkpt lat="21.035887" lon="105.854096"/>
      <trkpt lat="21.035877" lon="105.854104"/>
      <trkpt lat="21.035657" lon="105.854205"/>
      <trkpt lat="21.035639" lon="105.854213"/>
      <trkpt lat="21.035488" lon="105.854264"/>
      <trkpt lat="21.035283" lon="105.854306"/>
      <trkpt lat="21.035246" lon="105.854314"/>
      <trkpt lat="21.035188" lon="105.854327"/>
      <trkpt lat="21.034936" lon="105.854345"/>
      <trkpt lat="21.034843" lon="105.854352"/>
      <trkpt lat="21.034734" lon="105.854359"/>
      <trkpt lat="21.034641" lon="105.854362"/>
      <trkpt lat="21.034371" lon="105.85437"/>
      <trkpt lat="21.034348" lon="105.854372"/>
      <trkpt lat="21.034054" lon="105.854395"/>
      <trkpt lat="21.033909" lon="105.854406"/>
      <trkpt lat="21.033803" lon="105.854414"/>
      <trkpt lat="21.03376" lon="105.854417"/>
      <trkpt lat="21.033725" lon="105.854419"/>
      <trkpt lat="21.033466" lon="105.854435"/>
      <trkpt lat="21.033172" lon="105.854452"/>
      <trkpt lat="21.033042" lon="105.85446"/>
      <trkpt lat="21.032996" lon="105.854463"/>
      <trkpt lat="21.032879" lon="105.854473"/>
      <trkpt lat="21.032585" lon="105.854498"/>
      <trkpt lat="21.032291" lon="105.854522"/>
      <trkpt lat="21.032163" lon="105.854533"/>
      <trkpt lat="21.032016" lon="105.85454"/>
      <trkpt lat="21.031744" lon="105.854553"/>
      <trkpt lat="21.031564" lon="105.854562"/>
      <trkpt lat="21.031473" lon="105.854566"/>
      <trkpt lat="21.031433" lon="105.854568"/>
      <trkpt lat="21.031369" lon="105.854591"/>
      <trkpt lat="21.031079" lon="105.854687"/>
      <trkpt lat="21.030883" lon="105.854752"/>
      <trkpt lat="21.030795" lon="105.854782"/>
      <trkpt lat="21.030512" lon="105.854877"/>
      <trkpt lat="21.030294" lon="105.85495"/>
      <trkpt lat="21.030252" lon="105.854964"/>
      <trkpt lat="21.030223" lon="105.854974"/>
      <trkpt lat="21.029942" lon="105.855077"/>
      <trkpt lat="21.029661" lon="105.855179"/>
      <trkpt lat="21.02938" lon="105.855281"/>
      <trkpt lat="21.029097" lon="105.855383"/>
      <trkpt lat="21.029054" lon="105.855399"/>
      <trkpt lat="21.02895" lon="105.855438"/>
      <trkpt lat="21.028846" lon="105.855481"/>
      <trkpt lat="21.028804" lon="105.855494"/>
      <trkpt lat="21.028512" lon="105.855585"/>
      <trkpt lat="21.028219" lon="105.855677"/>
      <trkpt lat="21.027928" lon="105.855768"/>
      <trkpt lat="21.027751" lon="105.855823"/>
      <trkpt lat="21.027636" lon="105.855868"/>
      <trkpt lat="21.027571" lon="105.855926"/>
      <trkpt lat="21.027537" lon="105.855955"/>
      <trkpt lat="21.027516" lon="105.855948"/>
      <trkpt lat="21.027495" lon="105.855948"/>
      <trkpt lat="21.027474" lon="105.855956"/>
      <trkpt lat="21.027404" lon="105.855943"/>
      <trkpt lat="21.027351" lon="105.85593"/>
      <trkpt lat="21.027325" lon="105.855923"/>
      <trkpt lat="21.027289" lon="105.855913"/>
      <trkpt lat="21.027051" lon="105.855836"/>
      <trkpt lat="21.027018" lon="105.855826"/>
      <trkpt lat="21.026777" lon="105.855753"/>
      <trkpt lat="21.026759" lon="105.855748"/>
      <trkpt lat="21.026568" lon="105.855686"/>
      <trkpt lat="21.026508" lon="105.855667"/>
      <trkpt lat="21.026323" lon="105.855607"/>
      <trkpt lat="21.026248" lon="105.855582"/>
      <trkpt lat="21.026239" lon="105.855579"/>
      <trkpt lat="21.026152" lon="105.855551"/>
      <trkpt lat="21.026056" lon="105.85552"/>
      <trkpt lat="21.025971" lon="105.855493"/>
      <trkpt lat="21.025716" lon="105.855411"/>
      <trkpt lat="21.025491" lon="105.855338"/>
      <trkpt lat="21.025466" lon="105.85533"/>
      <trkpt lat="21.025409" lon="105.855312"/>
      <trkpt lat="21.025313" lon="105.85528"/>
      <trkpt lat="21.025217" lon="105.855248"/>
      <trkpt lat="21.025048" lon="105.855192"/>
      <trkpt lat="21.024968" lon="105.855167"/>
      <trkpt lat="21.024916" lon="105.855151"/>
      <trkpt lat="21.024953" lon="105.855005"/>
      <trkpt lat="21.024957" lon="105.854991"/>
      <trkpt lat="21.025045" lon="105.85467"/>
      <trkpt lat="21.025119" lon="105.854401"/>
      <trkpt lat="21.025134" lon="105.854347"/>
      <trkpt lat="21.025144" lon="105.854311"/>
      <trkpt lat="21.025227" lon="105.854026"/>
      <trkpt lat="21.02532" lon="105.853704"/>
      <trkpt lat="21.025405" lon="105.853413"/>
      <trkpt lat="21.025416" lon="105.853385"/>
      <trkpt lat="21.025479" lon="105.853231"/>
      <trkpt lat="21.02554" lon="105.853078"/>
      <trkpt lat="21.025554" lon="105.853042"/>
      <trkpt lat="21.025639" lon="105.852753"/>
      <trkpt lat="21.025734" lon="105.852432"/>
      <trkpt lat="21.025771" lon="105.852309"/>
      <trkpt lat="21.02583" lon="105.852112"/>
      <trkpt lat="21.0259" lon="105.851875"/>
      <trkpt lat="21.025924" lon="105.85179"/>
      <trkpt lat="21.02596" lon="105.851667"/>
      <trkpt lat="21.025977" lon="105.851593"/>
      <trkpt lat="21.026006" lon="105.85147"/>
      <trkpt lat="21.026027" lon="105.851398"/>
      <trkpt lat="21.026108" lon="105.85111"/>
      <trkpt lat="21.026191" lon="105.850822"/>
      <trkpt lat="21.026236" lon="105.850662"/>
      <trkpt lat="21.026262" lon="105.850573"/>
      <trkpt lat="21.026273" lon="105.850534"/>
      <trkpt lat="21.026355" lon="105.850246"/>
      <trkpt lat="21.026367" lon="105.850203"/>
      <trkpt lat="21.026396" lon="105.850099"/>
      <trkpt lat="21.026325" lon="105.850076"/>
      <trkpt lat="21.026292" lon="105.850065"/>
      <trkpt lat="21.025904" lon="105.849936"/>
      <trkpt lat="21.025608" lon="105.849838"/>
      <trkpt lat="21.025311" lon="105.84974"/>
      <trkpt lat="21.025184" lon="105.849699"/>
      <trkpt lat="21.025008" lon="105.84964"/>
      <trkpt lat="21.024773" lon="105.849559"/>
      <trkpt lat="21.02472" lon="105.849541"/>
      <trkpt lat="21.024424" lon="105.849442"/>
      <trkpt lat="21.024354" lon="105.849419"/>
      <trkpt lat="21.024128" lon="105.849342"/>
      <trkpt lat="21.02399" lon="105.849295"/>
      <trkpt lat="21.023831" lon="105.849242"/>
      <trkpt lat="21.023705" lon="105.849199"/>
      <trkpt lat="21.023537" lon="105.849142"/>
      <trkpt lat="21.023514" lon="105.849134"/>
      <trkpt lat="21.023243" lon="105.849036"/>
      <trkpt lat="21.022949" lon="105.848929"/>
      <trkpt lat="21.02283" lon="105.848886"/>
      <trkpt lat="21.022701" lon="105.848836"/>
      <trkpt lat="21.022656" lon="105.848821"/>
      <trkpt lat="21.022607" lon="105.848804"/>
      <trkpt lat="21.022359" lon="105.848727"/>
      <trkpt lat="21.022133" lon="105.848656"/>
      <trkpt lat="21.022062" lon="105.848632"/>
      <trkpt lat="21.022039" lon="105.848624"/>
      <trkpt lat="21.021879" lon="105.848574"/>
      <trkpt lat="21.021765" lon="105.848536"/>
      <trkpt lat="21.021469" lon="105.848436"/>
      <trkpt lat="21.021375" lon="105.848404"/>
      <trkpt lat="21.021183" lon="105.848343"/>
      <trkpt lat="21.021052" lon="105.848301"/>
      <trkpt lat="21.020953" lon="105.848265"/>
      <trkpt lat="21.020893" lon="105.848244"/>
      <trkpt lat="21.020611" lon="105.848149"/>
      <trkpt lat="21.020325" lon="105.848053"/>
      <trkpt lat="21.020166" lon="105.847999"/>
      <trkpt lat="21.020089" lon="105.847974"/>
      <trkpt lat="21.020039" lon="105.847958"/>
      <trkpt lat="21.020022" lon="105.847952"/>
      <trkpt lat="21.019753" lon="105.847864"/>
      <trkpt lat="21.019577" lon="105.847806"/>
      <trkpt lat="21.019466" lon="105.847773"/>
      <trkpt lat="21.019242" lon="105.847707"/>
      <trkpt lat="21.019178" lon="105.847687"/>
      <trkpt lat="21.019097" lon="105.847661"/>
      <trkpt lat="21.019121" lon="105.847544"/>
      <trkpt lat="21.019172" lon="105.847304"/>
      <trkpt lat="21.019215" lon="105.847088"/>
      <trkpt lat="21.019281" lon="105.846761"/>
      <trkpt lat="21.019347" lon="105.846436"/>
      <trkpt lat="21.019391" lon="105.846216"/>
      <trkpt lat="21.019413" lon="105.84611"/>
      <trkpt lat="21.019481" lon="105.845784"/>
      <trkpt lat="21.0195" lon="105.845692"/>
      <trkpt lat="21.01955" lon="105.845458"/>
      <trkpt lat="21.01962" lon="105.845133"/>
      <trkpt lat="21.01969" lon="105.844807"/>
      <trkpt lat="21.019753" lon="105.844512"/>
      <trkpt lat="21.019759" lon="105.844495"/>
      <trkpt lat="21.019819" lon="105.844316"/>
      <trkpt lat="21.019625" lon="105.84425"/>
      <trkpt lat="21.019588" lon="105.844237"/>
      <trkpt lat="21.019353" lon="105.844166"/>
      <trkpt lat="21.019091" lon="105.844087"/>
      <trkpt lat="21.018876" lon="105.844023"/>
      <trkpt lat="21.018828" lon="105.84401"/>
      <trkpt lat="21.018565" lon="105.843936"/>
      <trkpt lat="21.018302" lon="105.843863"/>
      <trkpt lat="21.018285" lon="105.843858"/>
      <trkpt lat="21.018143" lon="105.843821"/>
      <trkpt lat="21.018037" lon="105.843797"/>
      <trkpt lat="21.017898" lon="105.843765"/>
      <trkpt lat="21.017772" lon="105.843735"/>
      <trkpt lat="21.017676" lon="105.843713"/>
      <trkpt lat="21.017597" lon="105.84369"/>
      <trkpt lat="21.017575" lon="105.843684"/>
      <trkpt lat="21.017421" lon="105.843635"/>
      <trkpt lat="21.017402" lon="105.843871"/>
      <trkpt lat="21.017398" lon="105.843911"/>
      <trkpt lat="21.017387" lon="105.84404"/>
      <trkpt lat="21.017381" lon="105.844057"/>
      <trkpt lat="21.017305" lon="105.844269"/>
      <trkpt lat="21.017303" lon="105.844293"/>
      <trkpt lat="21.017297" lon="105.844378"/>
      <trkpt lat="21.017286" lon="105.84454"/>
      <trkpt lat="21.01727" lon="105.844787"/>
    </trkseg>
  </trk>
</gpx>
